<?xml version="1.0" encoding="UTF-8"?>
<kml xmlns="http://www.opengis.net/kml/2.2" xmlns:gx="http://www.google.com/kml/ext/2.2">
    <Document id="1">
        <Style id="4">
            <IconStyle id="5">
                <color>ff008000</color>
                <colorMode>normal</colorMode>
                <scale>1</scale>
                <heading>0</heading>
                <Icon id="6">
                    <href>http://maps.google.com/mapfiles/kml/pushpin/ylw-pushpin.png</href>
                </Icon>
            </IconStyle>
        </Style>
        <Style id="9">
            <IconStyle id="10">
                <color>ff0000ff</color>
                <colorMode>normal</colorMode>
                <scale>1</scale>
                <heading>0</heading>
                <Icon id="11">
                    <href>http://maps.google.com/mapfiles/kml/pushpin/ylw-pushpin.png</href>
                </Icon>
            </IconStyle>
        </Style>
        <Style id="14">
            <IconStyle id="15">
                <color>ff0000ff</color>
                <colorMode>normal</colorMode>
                <scale>1</scale>
                <heading>0</heading>
                <Icon id="16">
                    <href>http://maps.google.com/mapfiles/kml/pushpin/ylw-pushpin.png</href>
                </Icon>
            </IconStyle>
        </Style>
        <Style id="19">
            <IconStyle id="20">
                <color>ff0000ff</color>
                <colorMode>normal</colorMode>
                <scale>1</scale>
                <heading>0</heading>
                <Icon id="21">
                    <href>http://maps.google.com/mapfiles/kml/pushpin/ylw-pushpin.png</href>
                </Icon>
            </IconStyle>
        </Style>
        <Style id="24">
            <IconStyle id="25">
                <color>ff0000ff</color>
                <colorMode>normal</colorMode>
                <scale>1</scale>
                <heading>0</heading>
                <Icon id="26">
                    <href>http://maps.google.com/mapfiles/kml/pushpin/ylw-pushpin.png</href>
                </Icon>
            </IconStyle>
        </Style>
        <Style id="29">
            <IconStyle id="30">
                <color>ff008000</color>
                <colorMode>normal</colorMode>
                <scale>1</scale>
                <heading>0</heading>
                <Icon id="31">
                    <href>http://maps.google.com/mapfiles/kml/pushpin/ylw-pushpin.png</href>
                </Icon>
            </IconStyle>
        </Style>
        <Style id="34">
            <IconStyle id="35">
                <color>ff008000</color>
                <colorMode>normal</colorMode>
                <scale>1</scale>
                <heading>0</heading>
                <Icon id="36">
                    <href>http://maps.google.com/mapfiles/kml/pushpin/ylw-pushpin.png</href>
                </Icon>
            </IconStyle>
        </Style>
        <Style id="39">
            <IconStyle id="40">
                <color>ff008000</color>
                <colorMode>normal</colorMode>
                <scale>1</scale>
                <heading>0</heading>
                <Icon id="41">
                    <href>http://maps.google.com/mapfiles/kml/pushpin/ylw-pushpin.png</href>
                </Icon>
            </IconStyle>
        </Style>
        <Style id="44">
            <IconStyle id="45">
                <color>ff008000</color>
                <colorMode>normal</colorMode>
                <scale>1</scale>
                <heading>0</heading>
                <Icon id="46">
                    <href>http://maps.google.com/mapfiles/kml/pushpin/ylw-pushpin.png</href>
                </Icon>
            </IconStyle>
        </Style>
        <Style id="49">
            <IconStyle id="50">
                <color>ff008000</color>
                <colorMode>normal</colorMode>
                <scale>1</scale>
                <heading>0</heading>
                <Icon id="51">
                    <href>http://maps.google.com/mapfiles/kml/pushpin/ylw-pushpin.png</href>
                </Icon>
            </IconStyle>
        </Style>
        <Style id="54">
            <IconStyle id="55">
                <color>ff008000</color>
                <colorMode>normal</colorMode>
                <scale>1</scale>
                <heading>0</heading>
                <Icon id="56">
                    <href>http://maps.google.com/mapfiles/kml/pushpin/ylw-pushpin.png</href>
                </Icon>
            </IconStyle>
        </Style>
        <Style id="59">
            <IconStyle id="60">
                <color>ff008000</color>
                <colorMode>normal</colorMode>
                <scale>1</scale>
                <heading>0</heading>
                <Icon id="61">
                    <href>http://maps.google.com/mapfiles/kml/pushpin/ylw-pushpin.png</href>
                </Icon>
            </IconStyle>
        </Style>
        <Style id="64">
            <IconStyle id="65">
                <color>ff008000</color>
                <colorMode>normal</colorMode>
                <scale>1</scale>
                <heading>0</heading>
                <Icon id="66">
                    <href>http://maps.google.com/mapfiles/kml/pushpin/ylw-pushpin.png</href>
                </Icon>
            </IconStyle>
        </Style>
        <Style id="69">
            <IconStyle id="70">
                <color>ff008000</color>
                <colorMode>normal</colorMode>
                <scale>1</scale>
                <heading>0</heading>
                <Icon id="71">
                    <href>http://maps.google.com/mapfiles/kml/pushpin/ylw-pushpin.png</href>
                </Icon>
            </IconStyle>
        </Style>
        <Style id="74">
            <IconStyle id="75">
                <color>ff008000</color>
                <colorMode>normal</colorMode>
                <scale>1</scale>
                <heading>0</heading>
                <Icon id="76">
                    <href>http://maps.google.com/mapfiles/kml/pushpin/ylw-pushpin.png</href>
                </Icon>
            </IconStyle>
        </Style>
        <Style id="79">
            <IconStyle id="80">
                <color>ff008000</color>
                <colorMode>normal</colorMode>
                <scale>1</scale>
                <heading>0</heading>
                <Icon id="81">
                    <href>http://maps.google.com/mapfiles/kml/pushpin/ylw-pushpin.png</href>
                </Icon>
            </IconStyle>
        </Style>
        <Style id="84">
            <IconStyle id="85">
                <color>ff008000</color>
                <colorMode>normal</colorMode>
                <scale>1</scale>
                <heading>0</heading>
                <Icon id="86">
                    <href>http://maps.google.com/mapfiles/kml/pushpin/ylw-pushpin.png</href>
                </Icon>
            </IconStyle>
        </Style>
        <Style id="89">
            <IconStyle id="90">
                <color>ff008000</color>
                <colorMode>normal</colorMode>
                <scale>1</scale>
                <heading>0</heading>
                <Icon id="91">
                    <href>http://maps.google.com/mapfiles/kml/pushpin/ylw-pushpin.png</href>
                </Icon>
            </IconStyle>
        </Style>
        <Style id="94">
            <IconStyle id="95">
                <color>ff008000</color>
                <colorMode>normal</colorMode>
                <scale>1</scale>
                <heading>0</heading>
                <Icon id="96">
                    <href>http://maps.google.com/mapfiles/kml/pushpin/ylw-pushpin.png</href>
                </Icon>
            </IconStyle>
        </Style>
        <Style id="99">
            <IconStyle id="100">
                <color>ff008000</color>
                <colorMode>normal</colorMode>
                <scale>1</scale>
                <heading>0</heading>
                <Icon id="101">
                    <href>http://maps.google.com/mapfiles/kml/pushpin/ylw-pushpin.png</href>
                </Icon>
            </IconStyle>
        </Style>
        <Style id="104">
            <IconStyle id="105">
                <color>ff008000</color>
                <colorMode>normal</colorMode>
                <scale>1</scale>
                <heading>0</heading>
                <Icon id="106">
                    <href>http://maps.google.com/mapfiles/kml/pushpin/ylw-pushpin.png</href>
                </Icon>
            </IconStyle>
        </Style>
        <Style id="109">
            <IconStyle id="110">
                <color>ff008000</color>
                <colorMode>normal</colorMode>
                <scale>1</scale>
                <heading>0</heading>
                <Icon id="111">
                    <href>http://maps.google.com/mapfiles/kml/pushpin/ylw-pushpin.png</href>
                </Icon>
            </IconStyle>
        </Style>
        <Style id="114">
            <IconStyle id="115">
                <color>ff0000ff</color>
                <colorMode>normal</colorMode>
                <scale>1</scale>
                <heading>0</heading>
                <Icon id="116">
                    <href>http://maps.google.com/mapfiles/kml/pushpin/ylw-pushpin.png</href>
                </Icon>
            </IconStyle>
        </Style>
        <Style id="119">
            <IconStyle id="120">
                <color>ff0000ff</color>
                <colorMode>normal</colorMode>
                <scale>1</scale>
                <heading>0</heading>
                <Icon id="121">
                    <href>http://maps.google.com/mapfiles/kml/pushpin/ylw-pushpin.png</href>
                </Icon>
            </IconStyle>
        </Style>
        <Style id="124">
            <IconStyle id="125">
                <color>ff0000ff</color>
                <colorMode>normal</colorMode>
                <scale>1</scale>
                <heading>0</heading>
                <Icon id="126">
                    <href>http://maps.google.com/mapfiles/kml/pushpin/ylw-pushpin.png</href>
                </Icon>
            </IconStyle>
        </Style>
        <Style id="129">
            <IconStyle id="130">
                <color>ff0000ff</color>
                <colorMode>normal</colorMode>
                <scale>1</scale>
                <heading>0</heading>
                <Icon id="131">
                    <href>http://maps.google.com/mapfiles/kml/pushpin/ylw-pushpin.png</href>
                </Icon>
            </IconStyle>
        </Style>
        <Style id="134">
            <IconStyle id="135">
                <color>ff0000ff</color>
                <colorMode>normal</colorMode>
                <scale>1</scale>
                <heading>0</heading>
                <Icon id="136">
                    <href>http://maps.google.com/mapfiles/kml/pushpin/ylw-pushpin.png</href>
                </Icon>
            </IconStyle>
        </Style>
        <Style id="139">
            <IconStyle id="140">
                <color>ff0000ff</color>
                <colorMode>normal</colorMode>
                <scale>1</scale>
                <heading>0</heading>
                <Icon id="141">
                    <href>http://maps.google.com/mapfiles/kml/pushpin/ylw-pushpin.png</href>
                </Icon>
            </IconStyle>
        </Style>
        <Style id="144">
            <IconStyle id="145">
                <color>ff0000ff</color>
                <colorMode>normal</colorMode>
                <scale>1</scale>
                <heading>0</heading>
                <Icon id="146">
                    <href>http://maps.google.com/mapfiles/kml/pushpin/ylw-pushpin.png</href>
                </Icon>
            </IconStyle>
        </Style>
        <Style id="149">
            <IconStyle id="150">
                <color>ff0000ff</color>
                <colorMode>normal</colorMode>
                <scale>1</scale>
                <heading>0</heading>
                <Icon id="151">
                    <href>http://maps.google.com/mapfiles/kml/pushpin/ylw-pushpin.png</href>
                </Icon>
            </IconStyle>
        </Style>
        <Style id="154">
            <IconStyle id="155">
                <color>ff0000ff</color>
                <colorMode>normal</colorMode>
                <scale>1</scale>
                <heading>0</heading>
                <Icon id="156">
                    <href>http://maps.google.com/mapfiles/kml/pushpin/ylw-pushpin.png</href>
                </Icon>
            </IconStyle>
        </Style>
        <Style id="159">
            <IconStyle id="160">
                <color>ff0000ff</color>
                <colorMode>normal</colorMode>
                <scale>1</scale>
                <heading>0</heading>
                <Icon id="161">
                    <href>http://maps.google.com/mapfiles/kml/pushpin/ylw-pushpin.png</href>
                </Icon>
            </IconStyle>
        </Style>
        <Style id="164">
            <IconStyle id="165">
                <color>ff0000ff</color>
                <colorMode>normal</colorMode>
                <scale>1</scale>
                <heading>0</heading>
                <Icon id="166">
                    <href>http://maps.google.com/mapfiles/kml/pushpin/ylw-pushpin.png</href>
                </Icon>
            </IconStyle>
        </Style>
        <Style id="169">
            <IconStyle id="170">
                <color>ff0000ff</color>
                <colorMode>normal</colorMode>
                <scale>1</scale>
                <heading>0</heading>
                <Icon id="171">
                    <href>http://maps.google.com/mapfiles/kml/pushpin/ylw-pushpin.png</href>
                </Icon>
            </IconStyle>
        </Style>
        <Style id="174">
            <IconStyle id="175">
                <color>ff0000ff</color>
                <colorMode>normal</colorMode>
                <scale>1</scale>
                <heading>0</heading>
                <Icon id="176">
                    <href>http://maps.google.com/mapfiles/kml/pushpin/ylw-pushpin.png</href>
                </Icon>
            </IconStyle>
        </Style>
        <Style id="179">
            <IconStyle id="180">
                <color>ff0000ff</color>
                <colorMode>normal</colorMode>
                <scale>1</scale>
                <heading>0</heading>
                <Icon id="181">
                    <href>http://maps.google.com/mapfiles/kml/pushpin/ylw-pushpin.png</href>
                </Icon>
            </IconStyle>
        </Style>
        <Style id="184">
            <IconStyle id="185">
                <color>ff0000ff</color>
                <colorMode>normal</colorMode>
                <scale>1</scale>
                <heading>0</heading>
                <Icon id="186">
                    <href>http://maps.google.com/mapfiles/kml/pushpin/ylw-pushpin.png</href>
                </Icon>
            </IconStyle>
        </Style>
        <Style id="189">
            <IconStyle id="190">
                <color>ff0000ff</color>
                <colorMode>normal</colorMode>
                <scale>1</scale>
                <heading>0</heading>
                <Icon id="191">
                    <href>http://maps.google.com/mapfiles/kml/pushpin/ylw-pushpin.png</href>
                </Icon>
            </IconStyle>
        </Style>
        <Style id="194">
            <IconStyle id="195">
                <color>ff0000ff</color>
                <colorMode>normal</colorMode>
                <scale>1</scale>
                <heading>0</heading>
                <Icon id="196">
                    <href>http://maps.google.com/mapfiles/kml/pushpin/ylw-pushpin.png</href>
                </Icon>
            </IconStyle>
        </Style>
        <Style id="199">
            <IconStyle id="200">
                <color>ff008000</color>
                <colorMode>normal</colorMode>
                <scale>1</scale>
                <heading>0</heading>
                <Icon id="201">
                    <href>http://maps.google.com/mapfiles/kml/pushpin/ylw-pushpin.png</href>
                </Icon>
            </IconStyle>
        </Style>
        <Style id="204">
            <IconStyle id="205">
                <color>ff008000</color>
                <colorMode>normal</colorMode>
                <scale>1</scale>
                <heading>0</heading>
                <Icon id="206">
                    <href>http://maps.google.com/mapfiles/kml/pushpin/ylw-pushpin.png</href>
                </Icon>
            </IconStyle>
        </Style>
        <Style id="209">
            <IconStyle id="210">
                <color>ff008000</color>
                <colorMode>normal</colorMode>
                <scale>1</scale>
                <heading>0</heading>
                <Icon id="211">
                    <href>http://maps.google.com/mapfiles/kml/pushpin/ylw-pushpin.png</href>
                </Icon>
            </IconStyle>
        </Style>
        <Style id="214">
            <IconStyle id="215">
                <color>ff0000ff</color>
                <colorMode>normal</colorMode>
                <scale>1</scale>
                <heading>0</heading>
                <Icon id="216">
                    <href>http://maps.google.com/mapfiles/kml/pushpin/ylw-pushpin.png</href>
                </Icon>
            </IconStyle>
        </Style>
        <Style id="219">
            <IconStyle id="220">
                <color>ff008000</color>
                <colorMode>normal</colorMode>
                <scale>1</scale>
                <heading>0</heading>
                <Icon id="221">
                    <href>http://maps.google.com/mapfiles/kml/pushpin/ylw-pushpin.png</href>
                </Icon>
            </IconStyle>
        </Style>
        <Style id="224">
            <IconStyle id="225">
                <color>ff008000</color>
                <colorMode>normal</colorMode>
                <scale>1</scale>
                <heading>0</heading>
                <Icon id="226">
                    <href>http://maps.google.com/mapfiles/kml/pushpin/ylw-pushpin.png</href>
                </Icon>
            </IconStyle>
        </Style>
        <Style id="229">
            <IconStyle id="230">
                <color>ff008000</color>
                <colorMode>normal</colorMode>
                <scale>1</scale>
                <heading>0</heading>
                <Icon id="231">
                    <href>http://maps.google.com/mapfiles/kml/pushpin/ylw-pushpin.png</href>
                </Icon>
            </IconStyle>
        </Style>
        <Style id="234">
            <IconStyle id="235">
                <color>ff008000</color>
                <colorMode>normal</colorMode>
                <scale>1</scale>
                <heading>0</heading>
                <Icon id="236">
                    <href>http://maps.google.com/mapfiles/kml/pushpin/ylw-pushpin.png</href>
                </Icon>
            </IconStyle>
        </Style>
        <Style id="239">
            <IconStyle id="240">
                <color>ff008000</color>
                <colorMode>normal</colorMode>
                <scale>1</scale>
                <heading>0</heading>
                <Icon id="241">
                    <href>http://maps.google.com/mapfiles/kml/pushpin/ylw-pushpin.png</href>
                </Icon>
            </IconStyle>
        </Style>
        <Style id="244">
            <IconStyle id="245">
                <color>ff008000</color>
                <colorMode>normal</colorMode>
                <scale>1</scale>
                <heading>0</heading>
                <Icon id="246">
                    <href>http://maps.google.com/mapfiles/kml/pushpin/ylw-pushpin.png</href>
                </Icon>
            </IconStyle>
        </Style>
        <Style id="249">
            <IconStyle id="250">
                <color>ff008000</color>
                <colorMode>normal</colorMode>
                <scale>1</scale>
                <heading>0</heading>
                <Icon id="251">
                    <href>http://maps.google.com/mapfiles/kml/pushpin/ylw-pushpin.png</href>
                </Icon>
            </IconStyle>
        </Style>
        <Style id="254">
            <IconStyle id="255">
                <color>ff008000</color>
                <colorMode>normal</colorMode>
                <scale>1</scale>
                <heading>0</heading>
                <Icon id="256">
                    <href>http://maps.google.com/mapfiles/kml/pushpin/ylw-pushpin.png</href>
                </Icon>
            </IconStyle>
        </Style>
        <Style id="259">
            <IconStyle id="260">
                <color>ff008000</color>
                <colorMode>normal</colorMode>
                <scale>1</scale>
                <heading>0</heading>
                <Icon id="261">
                    <href>http://maps.google.com/mapfiles/kml/pushpin/ylw-pushpin.png</href>
                </Icon>
            </IconStyle>
        </Style>
        <Style id="264">
            <IconStyle id="265">
                <color>ff008000</color>
                <colorMode>normal</colorMode>
                <scale>1</scale>
                <heading>0</heading>
                <Icon id="266">
                    <href>http://maps.google.com/mapfiles/kml/pushpin/ylw-pushpin.png</href>
                </Icon>
            </IconStyle>
        </Style>
        <Style id="269">
            <IconStyle id="270">
                <color>ff008000</color>
                <colorMode>normal</colorMode>
                <scale>1</scale>
                <heading>0</heading>
                <Icon id="271">
                    <href>http://maps.google.com/mapfiles/kml/pushpin/ylw-pushpin.png</href>
                </Icon>
            </IconStyle>
        </Style>
        <Style id="274">
            <IconStyle id="275">
                <color>ff0000ff</color>
                <colorMode>normal</colorMode>
                <scale>1</scale>
                <heading>0</heading>
                <Icon id="276">
                    <href>http://maps.google.com/mapfiles/kml/pushpin/ylw-pushpin.png</href>
                </Icon>
            </IconStyle>
        </Style>
        <Style id="279">
            <IconStyle id="280">
                <color>ff008000</color>
                <colorMode>normal</colorMode>
                <scale>1</scale>
                <heading>0</heading>
                <Icon id="281">
                    <href>http://maps.google.com/mapfiles/kml/pushpin/ylw-pushpin.png</href>
                </Icon>
            </IconStyle>
        </Style>
        <Style id="284">
            <IconStyle id="285">
                <color>ff008000</color>
                <colorMode>normal</colorMode>
                <scale>1</scale>
                <heading>0</heading>
                <Icon id="286">
                    <href>http://maps.google.com/mapfiles/kml/pushpin/ylw-pushpin.png</href>
                </Icon>
            </IconStyle>
        </Style>
        <Style id="289">
            <IconStyle id="290">
                <color>ff0000ff</color>
                <colorMode>normal</colorMode>
                <scale>1</scale>
                <heading>0</heading>
                <Icon id="291">
                    <href>http://maps.google.com/mapfiles/kml/pushpin/ylw-pushpin.png</href>
                </Icon>
            </IconStyle>
        </Style>
        <Style id="294">
            <IconStyle id="295">
                <color>ff0000ff</color>
                <colorMode>normal</colorMode>
                <scale>1</scale>
                <heading>0</heading>
                <Icon id="296">
                    <href>http://maps.google.com/mapfiles/kml/pushpin/ylw-pushpin.png</href>
                </Icon>
            </IconStyle>
        </Style>
        <Style id="299">
            <IconStyle id="300">
                <color>ff0000ff</color>
                <colorMode>normal</colorMode>
                <scale>1</scale>
                <heading>0</heading>
                <Icon id="301">
                    <href>http://maps.google.com/mapfiles/kml/pushpin/ylw-pushpin.png</href>
                </Icon>
            </IconStyle>
        </Style>
        <Style id="304">
            <IconStyle id="305">
                <color>ff0000ff</color>
                <colorMode>normal</colorMode>
                <scale>1</scale>
                <heading>0</heading>
                <Icon id="306">
                    <href>http://maps.google.com/mapfiles/kml/pushpin/ylw-pushpin.png</href>
                </Icon>
            </IconStyle>
        </Style>
        <Style id="309">
            <IconStyle id="310">
                <color>ff0000ff</color>
                <colorMode>normal</colorMode>
                <scale>1</scale>
                <heading>0</heading>
                <Icon id="311">
                    <href>http://maps.google.com/mapfiles/kml/pushpin/ylw-pushpin.png</href>
                </Icon>
            </IconStyle>
        </Style>
        <Style id="314">
            <IconStyle id="315">
                <color>ff0000ff</color>
                <colorMode>normal</colorMode>
                <scale>1</scale>
                <heading>0</heading>
                <Icon id="316">
                    <href>http://maps.google.com/mapfiles/kml/pushpin/ylw-pushpin.png</href>
                </Icon>
            </IconStyle>
        </Style>
        <Style id="319">
            <IconStyle id="320">
                <color>ff0000ff</color>
                <colorMode>normal</colorMode>
                <scale>1</scale>
                <heading>0</heading>
                <Icon id="321">
                    <href>http://maps.google.com/mapfiles/kml/pushpin/ylw-pushpin.png</href>
                </Icon>
            </IconStyle>
        </Style>
        <Style id="324">
            <IconStyle id="325">
                <color>ff0000ff</color>
                <colorMode>normal</colorMode>
                <scale>1</scale>
                <heading>0</heading>
                <Icon id="326">
                    <href>http://maps.google.com/mapfiles/kml/pushpin/ylw-pushpin.png</href>
                </Icon>
            </IconStyle>
        </Style>
        <Style id="329">
            <IconStyle id="330">
                <color>ff0000ff</color>
                <colorMode>normal</colorMode>
                <scale>1</scale>
                <heading>0</heading>
                <Icon id="331">
                    <href>http://maps.google.com/mapfiles/kml/pushpin/ylw-pushpin.png</href>
                </Icon>
            </IconStyle>
        </Style>
        <Style id="334">
            <IconStyle id="335">
                <color>ff0000ff</color>
                <colorMode>normal</colorMode>
                <scale>1</scale>
                <heading>0</heading>
                <Icon id="336">
                    <href>http://maps.google.com/mapfiles/kml/pushpin/ylw-pushpin.png</href>
                </Icon>
            </IconStyle>
        </Style>
        <Style id="339">
            <IconStyle id="340">
                <color>ff0000ff</color>
                <colorMode>normal</colorMode>
                <scale>1</scale>
                <heading>0</heading>
                <Icon id="341">
                    <href>http://maps.google.com/mapfiles/kml/pushpin/ylw-pushpin.png</href>
                </Icon>
            </IconStyle>
        </Style>
        <Style id="344">
            <IconStyle id="345">
                <color>ff0000ff</color>
                <colorMode>normal</colorMode>
                <scale>1</scale>
                <heading>0</heading>
                <Icon id="346">
                    <href>http://maps.google.com/mapfiles/kml/pushpin/ylw-pushpin.png</href>
                </Icon>
            </IconStyle>
        </Style>
        <Style id="349">
            <IconStyle id="350">
                <color>ff0000ff</color>
                <colorMode>normal</colorMode>
                <scale>1</scale>
                <heading>0</heading>
                <Icon id="351">
                    <href>http://maps.google.com/mapfiles/kml/pushpin/ylw-pushpin.png</href>
                </Icon>
            </IconStyle>
        </Style>
        <Style id="354">
            <IconStyle id="355">
                <color>ff0000ff</color>
                <colorMode>normal</colorMode>
                <scale>1</scale>
                <heading>0</heading>
                <Icon id="356">
                    <href>http://maps.google.com/mapfiles/kml/pushpin/ylw-pushpin.png</href>
                </Icon>
            </IconStyle>
        </Style>
        <Style id="359">
            <IconStyle id="360">
                <color>ff0000ff</color>
                <colorMode>normal</colorMode>
                <scale>1</scale>
                <heading>0</heading>
                <Icon id="361">
                    <href>http://maps.google.com/mapfiles/kml/pushpin/ylw-pushpin.png</href>
                </Icon>
            </IconStyle>
        </Style>
        <Style id="364">
            <IconStyle id="365">
                <color>ff0000ff</color>
                <colorMode>normal</colorMode>
                <scale>1</scale>
                <heading>0</heading>
                <Icon id="366">
                    <href>http://maps.google.com/mapfiles/kml/pushpin/ylw-pushpin.png</href>
                </Icon>
            </IconStyle>
        </Style>
        <Style id="369">
            <IconStyle id="370">
                <color>ff0000ff</color>
                <colorMode>normal</colorMode>
                <scale>1</scale>
                <heading>0</heading>
                <Icon id="371">
                    <href>http://maps.google.com/mapfiles/kml/pushpin/ylw-pushpin.png</href>
                </Icon>
            </IconStyle>
        </Style>
        <Style id="374">
            <IconStyle id="375">
                <color>ff0000ff</color>
                <colorMode>normal</colorMode>
                <scale>1</scale>
                <heading>0</heading>
                <Icon id="376">
                    <href>http://maps.google.com/mapfiles/kml/pushpin/ylw-pushpin.png</href>
                </Icon>
            </IconStyle>
        </Style>
        <Style id="379">
            <IconStyle id="380">
                <color>ff0000ff</color>
                <colorMode>normal</colorMode>
                <scale>1</scale>
                <heading>0</heading>
                <Icon id="381">
                    <href>http://maps.google.com/mapfiles/kml/pushpin/ylw-pushpin.png</href>
                </Icon>
            </IconStyle>
        </Style>
        <Style id="384">
            <IconStyle id="385">
                <color>ff008000</color>
                <colorMode>normal</colorMode>
                <scale>1</scale>
                <heading>0</heading>
                <Icon id="386">
                    <href>http://maps.google.com/mapfiles/kml/pushpin/ylw-pushpin.png</href>
                </Icon>
            </IconStyle>
        </Style>
        <Style id="389">
            <IconStyle id="390">
                <color>ff0000ff</color>
                <colorMode>normal</colorMode>
                <scale>1</scale>
                <heading>0</heading>
                <Icon id="391">
                    <href>http://maps.google.com/mapfiles/kml/pushpin/ylw-pushpin.png</href>
                </Icon>
            </IconStyle>
        </Style>
        <Style id="394">
            <IconStyle id="395">
                <color>ff0000ff</color>
                <colorMode>normal</colorMode>
                <scale>1</scale>
                <heading>0</heading>
                <Icon id="396">
                    <href>http://maps.google.com/mapfiles/kml/pushpin/ylw-pushpin.png</href>
                </Icon>
            </IconStyle>
        </Style>
        <Style id="399">
            <IconStyle id="400">
                <color>ff0000ff</color>
                <colorMode>normal</colorMode>
                <scale>1</scale>
                <heading>0</heading>
                <Icon id="401">
                    <href>http://maps.google.com/mapfiles/kml/pushpin/ylw-pushpin.png</href>
                </Icon>
            </IconStyle>
        </Style>
        <Style id="404">
            <IconStyle id="405">
                <color>ff008000</color>
                <colorMode>normal</colorMode>
                <scale>1</scale>
                <heading>0</heading>
                <Icon id="406">
                    <href>http://maps.google.com/mapfiles/kml/pushpin/ylw-pushpin.png</href>
                </Icon>
            </IconStyle>
        </Style>
        <Style id="409">
            <IconStyle id="410">
                <color>ff008000</color>
                <colorMode>normal</colorMode>
                <scale>1</scale>
                <heading>0</heading>
                <Icon id="411">
                    <href>http://maps.google.com/mapfiles/kml/pushpin/ylw-pushpin.png</href>
                </Icon>
            </IconStyle>
        </Style>
        <Style id="414">
            <IconStyle id="415">
                <color>ff008000</color>
                <colorMode>normal</colorMode>
                <scale>1</scale>
                <heading>0</heading>
                <Icon id="416">
                    <href>http://maps.google.com/mapfiles/kml/pushpin/ylw-pushpin.png</href>
                </Icon>
            </IconStyle>
        </Style>
        <Style id="419">
            <IconStyle id="420">
                <color>ff008000</color>
                <colorMode>normal</colorMode>
                <scale>1</scale>
                <heading>0</heading>
                <Icon id="421">
                    <href>http://maps.google.com/mapfiles/kml/pushpin/ylw-pushpin.png</href>
                </Icon>
            </IconStyle>
        </Style>
        <Style id="424">
            <IconStyle id="425">
                <color>ff008000</color>
                <colorMode>normal</colorMode>
                <scale>1</scale>
                <heading>0</heading>
                <Icon id="426">
                    <href>http://maps.google.com/mapfiles/kml/pushpin/ylw-pushpin.png</href>
                </Icon>
            </IconStyle>
        </Style>
        <Style id="429">
            <IconStyle id="430">
                <color>ff008000</color>
                <colorMode>normal</colorMode>
                <scale>1</scale>
                <heading>0</heading>
                <Icon id="431">
                    <href>http://maps.google.com/mapfiles/kml/pushpin/ylw-pushpin.png</href>
                </Icon>
            </IconStyle>
        </Style>
        <Style id="434">
            <IconStyle id="435">
                <color>ff008000</color>
                <colorMode>normal</colorMode>
                <scale>1</scale>
                <heading>0</heading>
                <Icon id="436">
                    <href>http://maps.google.com/mapfiles/kml/pushpin/ylw-pushpin.png</href>
                </Icon>
            </IconStyle>
        </Style>
        <Style id="439">
            <IconStyle id="440">
                <color>ff008000</color>
                <colorMode>normal</colorMode>
                <scale>1</scale>
                <heading>0</heading>
                <Icon id="441">
                    <href>http://maps.google.com/mapfiles/kml/pushpin/ylw-pushpin.png</href>
                </Icon>
            </IconStyle>
        </Style>
        <Style id="444">
            <IconStyle id="445">
                <color>ff008000</color>
                <colorMode>normal</colorMode>
                <scale>1</scale>
                <heading>0</heading>
                <Icon id="446">
                    <href>http://maps.google.com/mapfiles/kml/pushpin/ylw-pushpin.png</href>
                </Icon>
            </IconStyle>
        </Style>
        <Style id="449">
            <IconStyle id="450">
                <color>ff008000</color>
                <colorMode>normal</colorMode>
                <scale>1</scale>
                <heading>0</heading>
                <Icon id="451">
                    <href>http://maps.google.com/mapfiles/kml/pushpin/ylw-pushpin.png</href>
                </Icon>
            </IconStyle>
        </Style>
        <Style id="454">
            <IconStyle id="455">
                <color>ff008000</color>
                <colorMode>normal</colorMode>
                <scale>1</scale>
                <heading>0</heading>
                <Icon id="456">
                    <href>http://maps.google.com/mapfiles/kml/pushpin/ylw-pushpin.png</href>
                </Icon>
            </IconStyle>
        </Style>
        <Style id="459">
            <IconStyle id="460">
                <color>ff008000</color>
                <colorMode>normal</colorMode>
                <scale>1</scale>
                <heading>0</heading>
                <Icon id="461">
                    <href>http://maps.google.com/mapfiles/kml/pushpin/ylw-pushpin.png</href>
                </Icon>
            </IconStyle>
        </Style>
        <Style id="464">
            <IconStyle id="465">
                <color>ff008000</color>
                <colorMode>normal</colorMode>
                <scale>1</scale>
                <heading>0</heading>
                <Icon id="466">
                    <href>http://maps.google.com/mapfiles/kml/pushpin/ylw-pushpin.png</href>
                </Icon>
            </IconStyle>
        </Style>
        <Style id="469">
            <IconStyle id="470">
                <color>ff008000</color>
                <colorMode>normal</colorMode>
                <scale>1</scale>
                <heading>0</heading>
                <Icon id="471">
                    <href>http://maps.google.com/mapfiles/kml/pushpin/ylw-pushpin.png</href>
                </Icon>
            </IconStyle>
        </Style>
        <Style id="474">
            <IconStyle id="475">
                <color>ff008000</color>
                <colorMode>normal</colorMode>
                <scale>1</scale>
                <heading>0</heading>
                <Icon id="476">
                    <href>http://maps.google.com/mapfiles/kml/pushpin/ylw-pushpin.png</href>
                </Icon>
            </IconStyle>
        </Style>
        <Style id="479">
            <IconStyle id="480">
                <color>ff008000</color>
                <colorMode>normal</colorMode>
                <scale>1</scale>
                <heading>0</heading>
                <Icon id="481">
                    <href>http://maps.google.com/mapfiles/kml/pushpin/ylw-pushpin.png</href>
                </Icon>
            </IconStyle>
        </Style>
        <Style id="484">
            <IconStyle id="485">
                <color>ff008000</color>
                <colorMode>normal</colorMode>
                <scale>1</scale>
                <heading>0</heading>
                <Icon id="486">
                    <href>http://maps.google.com/mapfiles/kml/pushpin/ylw-pushpin.png</href>
                </Icon>
            </IconStyle>
        </Style>
        <Style id="489">
            <IconStyle id="490">
                <color>ff008000</color>
                <colorMode>normal</colorMode>
                <scale>1</scale>
                <heading>0</heading>
                <Icon id="491">
                    <href>http://maps.google.com/mapfiles/kml/pushpin/ylw-pushpin.png</href>
                </Icon>
            </IconStyle>
        </Style>
        <Style id="494">
            <IconStyle id="495">
                <color>ff008000</color>
                <colorMode>normal</colorMode>
                <scale>1</scale>
                <heading>0</heading>
                <Icon id="496">
                    <href>http://maps.google.com/mapfiles/kml/pushpin/ylw-pushpin.png</href>
                </Icon>
            </IconStyle>
        </Style>
        <Style id="499">
            <IconStyle id="500">
                <color>ff008000</color>
                <colorMode>normal</colorMode>
                <scale>1</scale>
                <heading>0</heading>
                <Icon id="501">
                    <href>http://maps.google.com/mapfiles/kml/pushpin/ylw-pushpin.png</href>
                </Icon>
            </IconStyle>
        </Style>
        <Style id="504">
            <IconStyle id="505">
                <color>ff008000</color>
                <colorMode>normal</colorMode>
                <scale>1</scale>
                <heading>0</heading>
                <Icon id="506">
                    <href>http://maps.google.com/mapfiles/kml/pushpin/ylw-pushpin.png</href>
                </Icon>
            </IconStyle>
        </Style>
        <Style id="509">
            <IconStyle id="510">
                <color>ff008000</color>
                <colorMode>normal</colorMode>
                <scale>1</scale>
                <heading>0</heading>
                <Icon id="511">
                    <href>http://maps.google.com/mapfiles/kml/pushpin/ylw-pushpin.png</href>
                </Icon>
            </IconStyle>
        </Style>
        <Style id="514">
            <IconStyle id="515">
                <color>ff008000</color>
                <colorMode>normal</colorMode>
                <scale>1</scale>
                <heading>0</heading>
                <Icon id="516">
                    <href>http://maps.google.com/mapfiles/kml/pushpin/ylw-pushpin.png</href>
                </Icon>
            </IconStyle>
        </Style>
        <Style id="519">
            <IconStyle id="520">
                <color>ff008000</color>
                <colorMode>normal</colorMode>
                <scale>1</scale>
                <heading>0</heading>
                <Icon id="521">
                    <href>http://maps.google.com/mapfiles/kml/pushpin/ylw-pushpin.png</href>
                </Icon>
            </IconStyle>
        </Style>
        <Style id="524">
            <IconStyle id="525">
                <color>ff008000</color>
                <colorMode>normal</colorMode>
                <scale>1</scale>
                <heading>0</heading>
                <Icon id="526">
                    <href>http://maps.google.com/mapfiles/kml/pushpin/ylw-pushpin.png</href>
                </Icon>
            </IconStyle>
        </Style>
        <Style id="529">
            <IconStyle id="530">
                <color>ff008000</color>
                <colorMode>normal</colorMode>
                <scale>1</scale>
                <heading>0</heading>
                <Icon id="531">
                    <href>http://maps.google.com/mapfiles/kml/pushpin/ylw-pushpin.png</href>
                </Icon>
            </IconStyle>
        </Style>
        <Style id="534">
            <IconStyle id="535">
                <color>ff008000</color>
                <colorMode>normal</colorMode>
                <scale>1</scale>
                <heading>0</heading>
                <Icon id="536">
                    <href>http://maps.google.com/mapfiles/kml/pushpin/ylw-pushpin.png</href>
                </Icon>
            </IconStyle>
        </Style>
        <Style id="539">
            <IconStyle id="540">
                <color>ff008000</color>
                <colorMode>normal</colorMode>
                <scale>1</scale>
                <heading>0</heading>
                <Icon id="541">
                    <href>http://maps.google.com/mapfiles/kml/pushpin/ylw-pushpin.png</href>
                </Icon>
            </IconStyle>
        </Style>
        <Style id="544">
            <IconStyle id="545">
                <color>ff008000</color>
                <colorMode>normal</colorMode>
                <scale>1</scale>
                <heading>0</heading>
                <Icon id="546">
                    <href>http://maps.google.com/mapfiles/kml/pushpin/ylw-pushpin.png</href>
                </Icon>
            </IconStyle>
        </Style>
        <Style id="549">
            <IconStyle id="550">
                <color>ff008000</color>
                <colorMode>normal</colorMode>
                <scale>1</scale>
                <heading>0</heading>
                <Icon id="551">
                    <href>http://maps.google.com/mapfiles/kml/pushpin/ylw-pushpin.png</href>
                </Icon>
            </IconStyle>
        </Style>
        <Style id="554">
            <IconStyle id="555">
                <color>ff008000</color>
                <colorMode>normal</colorMode>
                <scale>1</scale>
                <heading>0</heading>
                <Icon id="556">
                    <href>http://maps.google.com/mapfiles/kml/pushpin/ylw-pushpin.png</href>
                </Icon>
            </IconStyle>
        </Style>
        <Style id="559">
            <IconStyle id="560">
                <color>ff008000</color>
                <colorMode>normal</colorMode>
                <scale>1</scale>
                <heading>0</heading>
                <Icon id="561">
                    <href>http://maps.google.com/mapfiles/kml/pushpin/ylw-pushpin.png</href>
                </Icon>
            </IconStyle>
        </Style>
        <Style id="564">
            <IconStyle id="565">
                <color>ff008000</color>
                <colorMode>normal</colorMode>
                <scale>1</scale>
                <heading>0</heading>
                <Icon id="566">
                    <href>http://maps.google.com/mapfiles/kml/pushpin/ylw-pushpin.png</href>
                </Icon>
            </IconStyle>
        </Style>
        <Style id="569">
            <IconStyle id="570">
                <color>ff008000</color>
                <colorMode>normal</colorMode>
                <scale>1</scale>
                <heading>0</heading>
                <Icon id="571">
                    <href>http://maps.google.com/mapfiles/kml/pushpin/ylw-pushpin.png</href>
                </Icon>
            </IconStyle>
        </Style>
        <Style id="574">
            <IconStyle id="575">
                <color>ff008000</color>
                <colorMode>normal</colorMode>
                <scale>1</scale>
                <heading>0</heading>
                <Icon id="576">
                    <href>http://maps.google.com/mapfiles/kml/pushpin/ylw-pushpin.png</href>
                </Icon>
            </IconStyle>
        </Style>
        <Style id="579">
            <IconStyle id="580">
                <color>ff008000</color>
                <colorMode>normal</colorMode>
                <scale>1</scale>
                <heading>0</heading>
                <Icon id="581">
                    <href>http://maps.google.com/mapfiles/kml/pushpin/ylw-pushpin.png</href>
                </Icon>
            </IconStyle>
        </Style>
        <Style id="584">
            <IconStyle id="585">
                <color>ff008000</color>
                <colorMode>normal</colorMode>
                <scale>1</scale>
                <heading>0</heading>
                <Icon id="586">
                    <href>http://maps.google.com/mapfiles/kml/pushpin/ylw-pushpin.png</href>
                </Icon>
            </IconStyle>
        </Style>
        <Style id="589">
            <IconStyle id="590">
                <color>ff008000</color>
                <colorMode>normal</colorMode>
                <scale>1</scale>
                <heading>0</heading>
                <Icon id="591">
                    <href>http://maps.google.com/mapfiles/kml/pushpin/ylw-pushpin.png</href>
                </Icon>
            </IconStyle>
        </Style>
        <Style id="594">
            <IconStyle id="595">
                <color>ff008000</color>
                <colorMode>normal</colorMode>
                <scale>1</scale>
                <heading>0</heading>
                <Icon id="596">
                    <href>http://maps.google.com/mapfiles/kml/pushpin/ylw-pushpin.png</href>
                </Icon>
            </IconStyle>
        </Style>
        <Style id="599">
            <IconStyle id="600">
                <color>ff008000</color>
                <colorMode>normal</colorMode>
                <scale>1</scale>
                <heading>0</heading>
                <Icon id="601">
                    <href>http://maps.google.com/mapfiles/kml/pushpin/ylw-pushpin.png</href>
                </Icon>
            </IconStyle>
        </Style>
        <Style id="604">
            <IconStyle id="605">
                <color>ff008000</color>
                <colorMode>normal</colorMode>
                <scale>1</scale>
                <heading>0</heading>
                <Icon id="606">
                    <href>http://maps.google.com/mapfiles/kml/pushpin/ylw-pushpin.png</href>
                </Icon>
            </IconStyle>
        </Style>
        <Style id="609">
            <IconStyle id="610">
                <color>ff008000</color>
                <colorMode>normal</colorMode>
                <scale>1</scale>
                <heading>0</heading>
                <Icon id="611">
                    <href>http://maps.google.com/mapfiles/kml/pushpin/ylw-pushpin.png</href>
                </Icon>
            </IconStyle>
        </Style>
        <Style id="614">
            <IconStyle id="615">
                <color>ff008000</color>
                <colorMode>normal</colorMode>
                <scale>1</scale>
                <heading>0</heading>
                <Icon id="616">
                    <href>http://maps.google.com/mapfiles/kml/pushpin/ylw-pushpin.png</href>
                </Icon>
            </IconStyle>
        </Style>
        <Style id="619">
            <IconStyle id="620">
                <color>ff008000</color>
                <colorMode>normal</colorMode>
                <scale>1</scale>
                <heading>0</heading>
                <Icon id="621">
                    <href>http://maps.google.com/mapfiles/kml/pushpin/ylw-pushpin.png</href>
                </Icon>
            </IconStyle>
        </Style>
        <Style id="624">
            <IconStyle id="625">
                <color>ff008000</color>
                <colorMode>normal</colorMode>
                <scale>1</scale>
                <heading>0</heading>
                <Icon id="626">
                    <href>http://maps.google.com/mapfiles/kml/pushpin/ylw-pushpin.png</href>
                </Icon>
            </IconStyle>
        </Style>
        <Style id="629">
            <IconStyle id="630">
                <color>ff008000</color>
                <colorMode>normal</colorMode>
                <scale>1</scale>
                <heading>0</heading>
                <Icon id="631">
                    <href>http://maps.google.com/mapfiles/kml/pushpin/ylw-pushpin.png</href>
                </Icon>
            </IconStyle>
        </Style>
        <Style id="634">
            <IconStyle id="635">
                <color>ff008000</color>
                <colorMode>normal</colorMode>
                <scale>1</scale>
                <heading>0</heading>
                <Icon id="636">
                    <href>http://maps.google.com/mapfiles/kml/pushpin/ylw-pushpin.png</href>
                </Icon>
            </IconStyle>
        </Style>
        <Style id="639">
            <IconStyle id="640">
                <color>ff008000</color>
                <colorMode>normal</colorMode>
                <scale>1</scale>
                <heading>0</heading>
                <Icon id="641">
                    <href>http://maps.google.com/mapfiles/kml/pushpin/ylw-pushpin.png</href>
                </Icon>
            </IconStyle>
        </Style>
        <Style id="644">
            <IconStyle id="645">
                <color>ff008000</color>
                <colorMode>normal</colorMode>
                <scale>1</scale>
                <heading>0</heading>
                <Icon id="646">
                    <href>http://maps.google.com/mapfiles/kml/pushpin/ylw-pushpin.png</href>
                </Icon>
            </IconStyle>
        </Style>
        <Style id="649">
            <IconStyle id="650">
                <color>ff008000</color>
                <colorMode>normal</colorMode>
                <scale>1</scale>
                <heading>0</heading>
                <Icon id="651">
                    <href>http://maps.google.com/mapfiles/kml/pushpin/ylw-pushpin.png</href>
                </Icon>
            </IconStyle>
        </Style>
        <Style id="654">
            <IconStyle id="655">
                <color>ff008000</color>
                <colorMode>normal</colorMode>
                <scale>1</scale>
                <heading>0</heading>
                <Icon id="656">
                    <href>http://maps.google.com/mapfiles/kml/pushpin/ylw-pushpin.png</href>
                </Icon>
            </IconStyle>
        </Style>
        <Style id="659">
            <IconStyle id="660">
                <color>ff008000</color>
                <colorMode>normal</colorMode>
                <scale>1</scale>
                <heading>0</heading>
                <Icon id="661">
                    <href>http://maps.google.com/mapfiles/kml/pushpin/ylw-pushpin.png</href>
                </Icon>
            </IconStyle>
        </Style>
        <Style id="664">
            <IconStyle id="665">
                <color>ff008000</color>
                <colorMode>normal</colorMode>
                <scale>1</scale>
                <heading>0</heading>
                <Icon id="666">
                    <href>http://maps.google.com/mapfiles/kml/pushpin/ylw-pushpin.png</href>
                </Icon>
            </IconStyle>
        </Style>
        <Style id="669">
            <IconStyle id="670">
                <color>ff008000</color>
                <colorMode>normal</colorMode>
                <scale>1</scale>
                <heading>0</heading>
                <Icon id="671">
                    <href>http://maps.google.com/mapfiles/kml/pushpin/ylw-pushpin.png</href>
                </Icon>
            </IconStyle>
        </Style>
        <Style id="674">
            <IconStyle id="675">
                <color>ff008000</color>
                <colorMode>normal</colorMode>
                <scale>1</scale>
                <heading>0</heading>
                <Icon id="676">
                    <href>http://maps.google.com/mapfiles/kml/pushpin/ylw-pushpin.png</href>
                </Icon>
            </IconStyle>
        </Style>
        <Style id="679">
            <IconStyle id="680">
                <color>ff008000</color>
                <colorMode>normal</colorMode>
                <scale>1</scale>
                <heading>0</heading>
                <Icon id="681">
                    <href>http://maps.google.com/mapfiles/kml/pushpin/ylw-pushpin.png</href>
                </Icon>
            </IconStyle>
        </Style>
        <Style id="684">
            <IconStyle id="685">
                <color>ff008000</color>
                <colorMode>normal</colorMode>
                <scale>1</scale>
                <heading>0</heading>
                <Icon id="686">
                    <href>http://maps.google.com/mapfiles/kml/pushpin/ylw-pushpin.png</href>
                </Icon>
            </IconStyle>
        </Style>
        <Style id="689">
            <IconStyle id="690">
                <color>ff008000</color>
                <colorMode>normal</colorMode>
                <scale>1</scale>
                <heading>0</heading>
                <Icon id="691">
                    <href>http://maps.google.com/mapfiles/kml/pushpin/ylw-pushpin.png</href>
                </Icon>
            </IconStyle>
        </Style>
        <Style id="694">
            <IconStyle id="695">
                <color>ff008000</color>
                <colorMode>normal</colorMode>
                <scale>1</scale>
                <heading>0</heading>
                <Icon id="696">
                    <href>http://maps.google.com/mapfiles/kml/pushpin/ylw-pushpin.png</href>
                </Icon>
            </IconStyle>
        </Style>
        <Style id="699">
            <IconStyle id="700">
                <color>ff008000</color>
                <colorMode>normal</colorMode>
                <scale>1</scale>
                <heading>0</heading>
                <Icon id="701">
                    <href>http://maps.google.com/mapfiles/kml/pushpin/ylw-pushpin.png</href>
                </Icon>
            </IconStyle>
        </Style>
        <Style id="704">
            <IconStyle id="705">
                <color>ff008000</color>
                <colorMode>normal</colorMode>
                <scale>1</scale>
                <heading>0</heading>
                <Icon id="706">
                    <href>http://maps.google.com/mapfiles/kml/pushpin/ylw-pushpin.png</href>
                </Icon>
            </IconStyle>
        </Style>
        <Style id="709">
            <IconStyle id="710">
                <color>ff008000</color>
                <colorMode>normal</colorMode>
                <scale>1</scale>
                <heading>0</heading>
                <Icon id="711">
                    <href>http://maps.google.com/mapfiles/kml/pushpin/ylw-pushpin.png</href>
                </Icon>
            </IconStyle>
        </Style>
        <Style id="714">
            <IconStyle id="715">
                <color>ff0000ff</color>
                <colorMode>normal</colorMode>
                <scale>1</scale>
                <heading>0</heading>
                <Icon id="716">
                    <href>http://maps.google.com/mapfiles/kml/pushpin/ylw-pushpin.png</href>
                </Icon>
            </IconStyle>
        </Style>
        <Style id="719">
            <IconStyle id="720">
                <color>ff008000</color>
                <colorMode>normal</colorMode>
                <scale>1</scale>
                <heading>0</heading>
                <Icon id="721">
                    <href>http://maps.google.com/mapfiles/kml/pushpin/ylw-pushpin.png</href>
                </Icon>
            </IconStyle>
        </Style>
        <Style id="724">
            <IconStyle id="725">
                <color>ff008000</color>
                <colorMode>normal</colorMode>
                <scale>1</scale>
                <heading>0</heading>
                <Icon id="726">
                    <href>http://maps.google.com/mapfiles/kml/pushpin/ylw-pushpin.png</href>
                </Icon>
            </IconStyle>
        </Style>
        <Style id="729">
            <IconStyle id="730">
                <color>ff008000</color>
                <colorMode>normal</colorMode>
                <scale>1</scale>
                <heading>0</heading>
                <Icon id="731">
                    <href>http://maps.google.com/mapfiles/kml/pushpin/ylw-pushpin.png</href>
                </Icon>
            </IconStyle>
        </Style>
        <Style id="734">
            <IconStyle id="735">
                <color>ff008000</color>
                <colorMode>normal</colorMode>
                <scale>1</scale>
                <heading>0</heading>
                <Icon id="736">
                    <href>http://maps.google.com/mapfiles/kml/pushpin/ylw-pushpin.png</href>
                </Icon>
            </IconStyle>
        </Style>
        <Style id="739">
            <IconStyle id="740">
                <color>ff0000ff</color>
                <colorMode>normal</colorMode>
                <scale>1</scale>
                <heading>0</heading>
                <Icon id="741">
                    <href>http://maps.google.com/mapfiles/kml/pushpin/ylw-pushpin.png</href>
                </Icon>
            </IconStyle>
        </Style>
        <Style id="744">
            <IconStyle id="745">
                <color>ff0000ff</color>
                <colorMode>normal</colorMode>
                <scale>1</scale>
                <heading>0</heading>
                <Icon id="746">
                    <href>http://maps.google.com/mapfiles/kml/pushpin/ylw-pushpin.png</href>
                </Icon>
            </IconStyle>
        </Style>
        <Style id="749">
            <IconStyle id="750">
                <color>ff008000</color>
                <colorMode>normal</colorMode>
                <scale>1</scale>
                <heading>0</heading>
                <Icon id="751">
                    <href>http://maps.google.com/mapfiles/kml/pushpin/ylw-pushpin.png</href>
                </Icon>
            </IconStyle>
        </Style>
        <Style id="754">
            <IconStyle id="755">
                <color>ff008000</color>
                <colorMode>normal</colorMode>
                <scale>1</scale>
                <heading>0</heading>
                <Icon id="756">
                    <href>http://maps.google.com/mapfiles/kml/pushpin/ylw-pushpin.png</href>
                </Icon>
            </IconStyle>
        </Style>
        <Style id="759">
            <IconStyle id="760">
                <color>ff008000</color>
                <colorMode>normal</colorMode>
                <scale>1</scale>
                <heading>0</heading>
                <Icon id="761">
                    <href>http://maps.google.com/mapfiles/kml/pushpin/ylw-pushpin.png</href>
                </Icon>
            </IconStyle>
        </Style>
        <Style id="764">
            <IconStyle id="765">
                <color>ff0000ff</color>
                <colorMode>normal</colorMode>
                <scale>1</scale>
                <heading>0</heading>
                <Icon id="766">
                    <href>http://maps.google.com/mapfiles/kml/pushpin/ylw-pushpin.png</href>
                </Icon>
            </IconStyle>
        </Style>
        <Style id="769">
            <IconStyle id="770">
                <color>ff0000ff</color>
                <colorMode>normal</colorMode>
                <scale>1</scale>
                <heading>0</heading>
                <Icon id="771">
                    <href>http://maps.google.com/mapfiles/kml/pushpin/ylw-pushpin.png</href>
                </Icon>
            </IconStyle>
        </Style>
        <Style id="774">
            <IconStyle id="775">
                <color>ff0000ff</color>
                <colorMode>normal</colorMode>
                <scale>1</scale>
                <heading>0</heading>
                <Icon id="776">
                    <href>http://maps.google.com/mapfiles/kml/pushpin/ylw-pushpin.png</href>
                </Icon>
            </IconStyle>
        </Style>
        <Style id="779">
            <IconStyle id="780">
                <color>ff0000ff</color>
                <colorMode>normal</colorMode>
                <scale>1</scale>
                <heading>0</heading>
                <Icon id="781">
                    <href>http://maps.google.com/mapfiles/kml/pushpin/ylw-pushpin.png</href>
                </Icon>
            </IconStyle>
        </Style>
        <Style id="784">
            <IconStyle id="785">
                <color>ff0000ff</color>
                <colorMode>normal</colorMode>
                <scale>1</scale>
                <heading>0</heading>
                <Icon id="786">
                    <href>http://maps.google.com/mapfiles/kml/pushpin/ylw-pushpin.png</href>
                </Icon>
            </IconStyle>
        </Style>
        <Style id="789">
            <IconStyle id="790">
                <color>ff0000ff</color>
                <colorMode>normal</colorMode>
                <scale>1</scale>
                <heading>0</heading>
                <Icon id="791">
                    <href>http://maps.google.com/mapfiles/kml/pushpin/ylw-pushpin.png</href>
                </Icon>
            </IconStyle>
        </Style>
        <Style id="794">
            <IconStyle id="795">
                <color>ff0000ff</color>
                <colorMode>normal</colorMode>
                <scale>1</scale>
                <heading>0</heading>
                <Icon id="796">
                    <href>http://maps.google.com/mapfiles/kml/pushpin/ylw-pushpin.png</href>
                </Icon>
            </IconStyle>
        </Style>
        <Style id="799">
            <IconStyle id="800">
                <color>ff0000ff</color>
                <colorMode>normal</colorMode>
                <scale>1</scale>
                <heading>0</heading>
                <Icon id="801">
                    <href>http://maps.google.com/mapfiles/kml/pushpin/ylw-pushpin.png</href>
                </Icon>
            </IconStyle>
        </Style>
        <Style id="804">
            <IconStyle id="805">
                <color>ff0000ff</color>
                <colorMode>normal</colorMode>
                <scale>1</scale>
                <heading>0</heading>
                <Icon id="806">
                    <href>http://maps.google.com/mapfiles/kml/pushpin/ylw-pushpin.png</href>
                </Icon>
            </IconStyle>
        </Style>
        <Style id="809">
            <IconStyle id="810">
                <color>ff0000ff</color>
                <colorMode>normal</colorMode>
                <scale>1</scale>
                <heading>0</heading>
                <Icon id="811">
                    <href>http://maps.google.com/mapfiles/kml/pushpin/ylw-pushpin.png</href>
                </Icon>
            </IconStyle>
        </Style>
        <Style id="814">
            <IconStyle id="815">
                <color>ff0000ff</color>
                <colorMode>normal</colorMode>
                <scale>1</scale>
                <heading>0</heading>
                <Icon id="816">
                    <href>http://maps.google.com/mapfiles/kml/pushpin/ylw-pushpin.png</href>
                </Icon>
            </IconStyle>
        </Style>
        <Style id="819">
            <IconStyle id="820">
                <color>ff0000ff</color>
                <colorMode>normal</colorMode>
                <scale>1</scale>
                <heading>0</heading>
                <Icon id="821">
                    <href>http://maps.google.com/mapfiles/kml/pushpin/ylw-pushpin.png</href>
                </Icon>
            </IconStyle>
        </Style>
        <Style id="824">
            <IconStyle id="825">
                <color>ff0000ff</color>
                <colorMode>normal</colorMode>
                <scale>1</scale>
                <heading>0</heading>
                <Icon id="826">
                    <href>http://maps.google.com/mapfiles/kml/pushpin/ylw-pushpin.png</href>
                </Icon>
            </IconStyle>
        </Style>
        <Style id="829">
            <IconStyle id="830">
                <color>ff0000ff</color>
                <colorMode>normal</colorMode>
                <scale>1</scale>
                <heading>0</heading>
                <Icon id="831">
                    <href>http://maps.google.com/mapfiles/kml/pushpin/ylw-pushpin.png</href>
                </Icon>
            </IconStyle>
        </Style>
        <Style id="834">
            <IconStyle id="835">
                <color>ff0000ff</color>
                <colorMode>normal</colorMode>
                <scale>1</scale>
                <heading>0</heading>
                <Icon id="836">
                    <href>http://maps.google.com/mapfiles/kml/pushpin/ylw-pushpin.png</href>
                </Icon>
            </IconStyle>
        </Style>
        <Style id="839">
            <IconStyle id="840">
                <color>ff0000ff</color>
                <colorMode>normal</colorMode>
                <scale>1</scale>
                <heading>0</heading>
                <Icon id="841">
                    <href>http://maps.google.com/mapfiles/kml/pushpin/ylw-pushpin.png</href>
                </Icon>
            </IconStyle>
        </Style>
        <Style id="844">
            <IconStyle id="845">
                <color>ff0000ff</color>
                <colorMode>normal</colorMode>
                <scale>1</scale>
                <heading>0</heading>
                <Icon id="846">
                    <href>http://maps.google.com/mapfiles/kml/pushpin/ylw-pushpin.png</href>
                </Icon>
            </IconStyle>
        </Style>
        <Style id="849">
            <IconStyle id="850">
                <color>ff0000ff</color>
                <colorMode>normal</colorMode>
                <scale>1</scale>
                <heading>0</heading>
                <Icon id="851">
                    <href>http://maps.google.com/mapfiles/kml/pushpin/ylw-pushpin.png</href>
                </Icon>
            </IconStyle>
        </Style>
        <Style id="854">
            <IconStyle id="855">
                <color>ff0000ff</color>
                <colorMode>normal</colorMode>
                <scale>1</scale>
                <heading>0</heading>
                <Icon id="856">
                    <href>http://maps.google.com/mapfiles/kml/pushpin/ylw-pushpin.png</href>
                </Icon>
            </IconStyle>
        </Style>
        <Style id="859">
            <IconStyle id="860">
                <color>ff0000ff</color>
                <colorMode>normal</colorMode>
                <scale>1</scale>
                <heading>0</heading>
                <Icon id="861">
                    <href>http://maps.google.com/mapfiles/kml/pushpin/ylw-pushpin.png</href>
                </Icon>
            </IconStyle>
        </Style>
        <Style id="864">
            <IconStyle id="865">
                <color>ff0000ff</color>
                <colorMode>normal</colorMode>
                <scale>1</scale>
                <heading>0</heading>
                <Icon id="866">
                    <href>http://maps.google.com/mapfiles/kml/pushpin/ylw-pushpin.png</href>
                </Icon>
            </IconStyle>
        </Style>
        <Placemark id="3">
            <name>BIKF</name>
            <description>Schengen: SI
Lat: 63.985
Lon: -22.605555555555558</description>
            <styleUrl>#4</styleUrl>
            <Point id="2">
                <coordinates>-22.605555555555558,63.985,0.0</coordinates>
            </Point>
        </Placemark>
        <Placemark id="8">
            <name>CYUL</name>
            <description>Schengen: NO
Lat: 45.46805555555556
Lon: -73.74138888888889</description>
            <styleUrl>#9</styleUrl>
            <Point id="7">
                <coordinates>-73.74138888888889,45.46805555555556,0.0</coordinates>
            </Point>
        </Placemark>
        <Placemark id="13">
            <name>CYYZ</name>
            <description>Schengen: NO
Lat: 43.67722222222222
Lon: -79.63055555555555</description>
            <styleUrl>#14</styleUrl>
            <Point id="12">
                <coordinates>-79.63055555555555,43.67722222222222,0.0</coordinates>
            </Point>
        </Placemark>
        <Placemark id="18">
            <name>DAAG</name>
            <description>Schengen: NO
Lat: 36.693888888888885
Lon: 3.2144444444444447</description>
            <styleUrl>#19</styleUrl>
            <Point id="17">
                <coordinates>3.2144444444444447,36.693888888888885,0.0</coordinates>
            </Point>
        </Placemark>
        <Placemark id="23">
            <name>DTTA</name>
            <description>Schengen: NO
Lat: 36.85111111111111
Lon: 10.226944444444445</description>
            <styleUrl>#24</styleUrl>
            <Point id="22">
                <coordinates>10.226944444444445,36.85111111111111,0.0</coordinates>
            </Point>
        </Placemark>
        <Placemark id="28">
            <name>EBAW</name>
            <description>Schengen: SI
Lat: 51.18944444444444
Lon: 4.460277777777778</description>
            <styleUrl>#29</styleUrl>
            <Point id="27">
                <coordinates>4.460277777777778,51.18944444444444,0.0</coordinates>
            </Point>
        </Placemark>
        <Placemark id="33">
            <name>EBBR</name>
            <description>Schengen: SI
Lat: 50.90138888888889
Lon: 4.484444444444445</description>
            <styleUrl>#34</styleUrl>
            <Point id="32">
                <coordinates>4.484444444444445,50.90138888888889,0.0</coordinates>
            </Point>
        </Placemark>
        <Placemark id="38">
            <name>EBLG</name>
            <description>Schengen: SI
Lat: 50.63638888888889
Lon: 5.442777777777778</description>
            <styleUrl>#39</styleUrl>
            <Point id="37">
                <coordinates>5.442777777777778,50.63638888888889,0.0</coordinates>
            </Point>
        </Placemark>
        <Placemark id="43">
            <name>EBOS</name>
            <description>Schengen: SI
Lat: 51.19888888888889
Lon: 2.8622222222222224</description>
            <styleUrl>#44</styleUrl>
            <Point id="42">
                <coordinates>2.8622222222222224,51.19888888888889,0.0</coordinates>
            </Point>
        </Placemark>
        <Placemark id="48">
            <name>EDDB</name>
            <description>Schengen: SI
Lat: 52.36222222222222
Lon: 13.500555555555556</description>
            <styleUrl>#49</styleUrl>
            <Point id="47">
                <coordinates>13.500555555555556,52.36222222222222,0.0</coordinates>
            </Point>
        </Placemark>
        <Placemark id="53">
            <name>EDDF</name>
            <description>Schengen: SI
Lat: 50.03333333333333
Lon: 8.570555555555556</description>
            <styleUrl>#54</styleUrl>
            <Point id="52">
                <coordinates>8.570555555555556,50.03333333333333,0.0</coordinates>
            </Point>
        </Placemark>
        <Placemark id="58">
            <name>EDDH</name>
            <description>Schengen: SI
Lat: 53.63027777777778
Lon: 9.988333333333333</description>
            <styleUrl>#59</styleUrl>
            <Point id="57">
                <coordinates>9.988333333333333,53.63027777777778,0.0</coordinates>
            </Point>
        </Placemark>
        <Placemark id="63">
            <name>EDDK</name>
            <description>Schengen: SI
Lat: 50.865833333333335
Lon: 7.142777777777778</description>
            <styleUrl>#64</styleUrl>
            <Point id="62">
                <coordinates>7.142777777777778,50.865833333333335,0.0</coordinates>
            </Point>
        </Placemark>
        <Placemark id="68">
            <name>EDDL</name>
            <description>Schengen: SI
Lat: 51.280833333333334
Lon: 6.7572222222222225</description>
            <styleUrl>#69</styleUrl>
            <Point id="67">
                <coordinates>6.7572222222222225,51.280833333333334,0.0</coordinates>
            </Point>
        </Placemark>
        <Placemark id="73">
            <name>EDDM</name>
            <description>Schengen: SI
Lat: 48.35388888888889
Lon: 11.786111111111111</description>
            <styleUrl>#74</styleUrl>
            <Point id="72">
                <coordinates>11.786111111111111,48.35388888888889,0.0</coordinates>
            </Point>
        </Placemark>
        <Placemark id="78">
            <name>EDDN</name>
            <description>Schengen: SI
Lat: 49.49861111111111
Lon: 11.078055555555554</description>
            <styleUrl>#79</styleUrl>
            <Point id="77">
                <coordinates>11.078055555555554,49.49861111111111,0.0</coordinates>
            </Point>
        </Placemark>
        <Placemark id="83">
            <name>EDDP</name>
            <description>Schengen: SI
Lat: 51.42388888888889
Lon: 12.236388888888888</description>
            <styleUrl>#84</styleUrl>
            <Point id="82">
                <coordinates>12.236388888888888,51.42388888888889,0.0</coordinates>
            </Point>
        </Placemark>
        <Placemark id="88">
            <name>EDDS</name>
            <description>Schengen: SI
Lat: 48.69
Lon: 9.221944444444444</description>
            <styleUrl>#89</styleUrl>
            <Point id="87">
                <coordinates>9.221944444444444,48.69,0.0</coordinates>
            </Point>
        </Placemark>
        <Placemark id="93">
            <name>EDDT</name>
            <description>Schengen: SI
Lat: 52.55972222222222
Lon: 13.287777777777778</description>
            <styleUrl>#94</styleUrl>
            <Point id="92">
                <coordinates>13.287777777777778,52.55972222222222,0.0</coordinates>
            </Point>
        </Placemark>
        <Placemark id="98">
            <name>EDDV</name>
            <description>Schengen: SI
Lat: 52.46027777777778
Lon: 9.68361111111111</description>
            <styleUrl>#99</styleUrl>
            <Point id="97">
                <coordinates>9.68361111111111,52.46027777777778,0.0</coordinates>
            </Point>
        </Placemark>
        <Placemark id="103">
            <name>EETN</name>
            <description>Schengen: SI
Lat: 59.413333333333334
Lon: 24.8325</description>
            <styleUrl>#104</styleUrl>
            <Point id="102">
                <coordinates>24.8325,59.413333333333334,0.0</coordinates>
            </Point>
        </Placemark>
        <Placemark id="108">
            <name>EFHK</name>
            <description>Schengen: SI
Lat: 60.31722222222223
Lon: 24.96333333333333</description>
            <styleUrl>#109</styleUrl>
            <Point id="107">
                <coordinates>24.96333333333333,60.31722222222223,0.0</coordinates>
            </Point>
        </Placemark>
        <Placemark id="113">
            <name>EGAA</name>
            <description>Schengen: NO
Lat: 54.6575
Lon: -6.215833333333333</description>
            <styleUrl>#114</styleUrl>
            <Point id="112">
                <coordinates>-6.215833333333333,54.6575,0.0</coordinates>
            </Point>
        </Placemark>
        <Placemark id="118">
            <name>EGBB</name>
            <description>Schengen: NO
Lat: 52.45388888888889
Lon: -1.7480555555555557</description>
            <styleUrl>#119</styleUrl>
            <Point id="117">
                <coordinates>-1.7480555555555557,52.45388888888889,0.0</coordinates>
            </Point>
        </Placemark>
        <Placemark id="123">
            <name>EGCC</name>
            <description>Schengen: NO
Lat: 53.35388888888889
Lon: -2.275</description>
            <styleUrl>#124</styleUrl>
            <Point id="122">
                <coordinates>-2.275,53.35388888888889,0.0</coordinates>
            </Point>
        </Placemark>
        <Placemark id="128">
            <name>EGFF</name>
            <description>Schengen: NO
Lat: 51.39666666666667
Lon: -3.3433333333333333</description>
            <styleUrl>#129</styleUrl>
            <Point id="127">
                <coordinates>-3.3433333333333333,51.39666666666667,0.0</coordinates>
            </Point>
        </Placemark>
        <Placemark id="133">
            <name>EGGD</name>
            <description>Schengen: NO
Lat: 51.382777777777775
Lon: -2.7191666666666667</description>
            <styleUrl>#134</styleUrl>
            <Point id="132">
                <coordinates>-2.7191666666666667,51.382777777777775,0.0</coordinates>
            </Point>
        </Placemark>
        <Placemark id="138">
            <name>EGGP</name>
            <description>Schengen: NO
Lat: 53.33361111111111
Lon: -2.8497222222222223</description>
            <styleUrl>#139</styleUrl>
            <Point id="137">
                <coordinates>-2.8497222222222223,53.33361111111111,0.0</coordinates>
            </Point>
        </Placemark>
        <Placemark id="143">
            <name>EGGW</name>
            <description>Schengen: NO
Lat: 51.874722222222225
Lon: -0.3683333333333333</description>
            <styleUrl>#144</styleUrl>
            <Point id="142">
                <coordinates>-0.3683333333333333,51.874722222222225,0.0</coordinates>
            </Point>
        </Placemark>
        <Placemark id="148">
            <name>EGHI</name>
            <description>Schengen: NO
Lat: 50.95027777777778
Lon: -1.3566666666666667</description>
            <styleUrl>#149</styleUrl>
            <Point id="147">
                <coordinates>-1.3566666666666667,50.95027777777778,0.0</coordinates>
            </Point>
        </Placemark>
        <Placemark id="153">
            <name>EGKK</name>
            <description>Schengen: NO
Lat: 51.14805555555556
Lon: -0.19027777777777777</description>
            <styleUrl>#154</styleUrl>
            <Point id="152">
                <coordinates>-0.19027777777777777,51.14805555555556,0.0</coordinates>
            </Point>
        </Placemark>
        <Placemark id="158">
            <name>EGLL</name>
            <description>Schengen: NO
Lat: 51.4775
Lon: -0.4613888888888889</description>
            <styleUrl>#159</styleUrl>
            <Point id="157">
                <coordinates>-0.4613888888888889,51.4775,0.0</coordinates>
            </Point>
        </Placemark>
        <Placemark id="163">
            <name>EGMC</name>
            <description>Schengen: NO
Lat: 51.57027777777778
Lon: 0.6933333333333334</description>
            <styleUrl>#164</styleUrl>
            <Point id="162">
                <coordinates>0.6933333333333334,51.57027777777778,0.0</coordinates>
            </Point>
        </Placemark>
        <Placemark id="168">
            <name>EGNM</name>
            <description>Schengen: NO
Lat: 53.86611111111111
Lon: -1.6608333333333332</description>
            <styleUrl>#169</styleUrl>
            <Point id="167">
                <coordinates>-1.6608333333333332,53.86611111111111,0.0</coordinates>
            </Point>
        </Placemark>
        <Placemark id="173">
            <name>EGNT</name>
            <description>Schengen: NO
Lat: 55.03805555555555
Lon: -1.6897222222222223</description>
            <styleUrl>#174</styleUrl>
            <Point id="172">
                <coordinates>-1.6897222222222223,55.03805555555555,0.0</coordinates>
            </Point>
        </Placemark>
        <Placemark id="178">
            <name>EGNX</name>
            <description>Schengen: NO
Lat: 52.83111111111111
Lon: -1.3277777777777777</description>
            <styleUrl>#179</styleUrl>
            <Point id="177">
                <coordinates>-1.3277777777777777,52.83111111111111,0.0</coordinates>
            </Point>
        </Placemark>
        <Placemark id="183">
            <name>EGPH</name>
            <description>Schengen: NO
Lat: 55.95
Lon: -3.3725</description>
            <styleUrl>#184</styleUrl>
            <Point id="182">
                <coordinates>-3.3725,55.95,0.0</coordinates>
            </Point>
        </Placemark>
        <Placemark id="188">
            <name>EGPK</name>
            <description>Schengen: NO
Lat: 55.50944444444445
Lon: -4.594444444444444</description>
            <styleUrl>#189</styleUrl>
            <Point id="187">
                <coordinates>-4.594444444444444,55.50944444444445,0.0</coordinates>
            </Point>
        </Placemark>
        <Placemark id="193">
            <name>EGSS</name>
            <description>Schengen: NO
Lat: 51.885
Lon: 0.23500000000000001</description>
            <styleUrl>#194</styleUrl>
            <Point id="192">
                <coordinates>0.23500000000000001,51.885,0.0</coordinates>
            </Point>
        </Placemark>
        <Placemark id="198">
            <name>EHAM</name>
            <description>Schengen: SI
Lat: 52.308055555555555
Lon: 4.764166666666667</description>
            <styleUrl>#199</styleUrl>
            <Point id="197">
                <coordinates>4.764166666666667,52.308055555555555,0.0</coordinates>
            </Point>
        </Placemark>
        <Placemark id="203">
            <name>EHEH</name>
            <description>Schengen: SI
Lat: 51.45
Lon: 5.374444444444444</description>
            <styleUrl>#204</styleUrl>
            <Point id="202">
                <coordinates>5.374444444444444,51.45,0.0</coordinates>
            </Point>
        </Placemark>
        <Placemark id="208">
            <name>EHRD</name>
            <description>Schengen: SI
Lat: 51.956944444444446
Lon: 4.437222222222222</description>
            <styleUrl>#209</styleUrl>
            <Point id="207">
                <coordinates>4.437222222222222,51.956944444444446,0.0</coordinates>
            </Point>
        </Placemark>
        <Placemark id="213">
            <name>EIDW</name>
            <description>Schengen: NO
Lat: 53.421388888888885
Lon: -6.27</description>
            <styleUrl>#214</styleUrl>
            <Point id="212">
                <coordinates>-6.27,53.421388888888885,0.0</coordinates>
            </Point>
        </Placemark>
        <Placemark id="218">
            <name>EKBI</name>
            <description>Schengen: SI
Lat: 55.74027777777778
Lon: 9.151666666666667</description>
            <styleUrl>#219</styleUrl>
            <Point id="217">
                <coordinates>9.151666666666667,55.74027777777778,0.0</coordinates>
            </Point>
        </Placemark>
        <Placemark id="223">
            <name>EKCH</name>
            <description>Schengen: SI
Lat: 55.61805555555556
Lon: 12.65611111111111</description>
            <styleUrl>#224</styleUrl>
            <Point id="222">
                <coordinates>12.65611111111111,55.61805555555556,0.0</coordinates>
            </Point>
        </Placemark>
        <Placemark id="228">
            <name>ELLX</name>
            <description>Schengen: SI
Lat: 49.623333333333335
Lon: 6.204444444444444</description>
            <styleUrl>#229</styleUrl>
            <Point id="227">
                <coordinates>6.204444444444444,49.623333333333335,0.0</coordinates>
            </Point>
        </Placemark>
        <Placemark id="233">
            <name>ENBR</name>
            <description>Schengen: SI
Lat: 60.29361111111111
Lon: 5.218055555555556</description>
            <styleUrl>#234</styleUrl>
            <Point id="232">
                <coordinates>5.218055555555556,60.29361111111111,0.0</coordinates>
            </Point>
        </Placemark>
        <Placemark id="238">
            <name>ENGM</name>
            <description>Schengen: SI
Lat: 60.20277777777778
Lon: 11.08388888888889</description>
            <styleUrl>#239</styleUrl>
            <Point id="237">
                <coordinates>11.08388888888889,60.20277777777778,0.0</coordinates>
            </Point>
        </Placemark>
        <Placemark id="243">
            <name>EPKK</name>
            <description>Schengen: SI
Lat: 50.07777777777778
Lon: 19.784722222222225</description>
            <styleUrl>#244</styleUrl>
            <Point id="242">
                <coordinates>19.784722222222225,50.07777777777778,0.0</coordinates>
            </Point>
        </Placemark>
        <Placemark id="248">
            <name>EPKT</name>
            <description>Schengen: SI
Lat: 50.47416666666667
Lon: 19.08</description>
            <styleUrl>#249</styleUrl>
            <Point id="247">
                <coordinates>19.08,50.47416666666667,0.0</coordinates>
            </Point>
        </Placemark>
        <Placemark id="253">
            <name>EPWA</name>
            <description>Schengen: SI
Lat: 52.16583333333333
Lon: 20.96722222222222</description>
            <styleUrl>#254</styleUrl>
            <Point id="252">
                <coordinates>20.96722222222222,52.16583333333333,0.0</coordinates>
            </Point>
        </Placemark>
        <Placemark id="258">
            <name>ESGG</name>
            <description>Schengen: SI
Lat: 57.66
Lon: 12.29111111111111</description>
            <styleUrl>#259</styleUrl>
            <Point id="257">
                <coordinates>12.29111111111111,57.66,0.0</coordinates>
            </Point>
        </Placemark>
        <Placemark id="263">
            <name>ESKN</name>
            <description>Schengen: SI
Lat: 58.78861111111111
Lon: 16.90361111111111</description>
            <styleUrl>#264</styleUrl>
            <Point id="262">
                <coordinates>16.90361111111111,58.78861111111111,0.0</coordinates>
            </Point>
        </Placemark>
        <Placemark id="268">
            <name>ESSA</name>
            <description>Schengen: SI
Lat: 59.651944444444446
Lon: 17.91861111111111</description>
            <styleUrl>#269</styleUrl>
            <Point id="267">
                <coordinates>17.91861111111111,59.651944444444446,0.0</coordinates>
            </Point>
        </Placemark>
        <Placemark id="273">
            <name>ETNL</name>
            <description>Schengen: NO
Lat: 53.91916666666666
Lon: 12.278333333333334</description>
            <styleUrl>#274</styleUrl>
            <Point id="272">
                <coordinates>12.278333333333334,53.91916666666666,0.0</coordinates>
            </Point>
        </Placemark>
        <Placemark id="278">
            <name>EVRA</name>
            <description>Schengen: SI
Lat: 56.92361111111111
Lon: 23.97111111111111</description>
            <styleUrl>#279</styleUrl>
            <Point id="277">
                <coordinates>23.97111111111111,56.92361111111111,0.0</coordinates>
            </Point>
        </Placemark>
        <Placemark id="283">
            <name>EYVI</name>
            <description>Schengen: SI
Lat: 54.636944444444445
Lon: 25.28777777777778</description>
            <styleUrl>#284</styleUrl>
            <Point id="282">
                <coordinates>25.28777777777778,54.636944444444445,0.0</coordinates>
            </Point>
        </Placemark>
        <Placemark id="288">
            <name>GCFV</name>
            <description>Schengen: NO
Lat: 28.452777777777776
Lon: -13.863888888888889</description>
            <styleUrl>#289</styleUrl>
            <Point id="287">
                <coordinates>-13.863888888888889,28.452777777777776,0.0</coordinates>
            </Point>
        </Placemark>
        <Placemark id="293">
            <name>GCLP</name>
            <description>Schengen: NO
Lat: 27.931944444444447
Lon: -15.386666666666667</description>
            <styleUrl>#294</styleUrl>
            <Point id="292">
                <coordinates>-15.386666666666667,27.931944444444447,0.0</coordinates>
            </Point>
        </Placemark>
        <Placemark id="298">
            <name>GCRR</name>
            <description>Schengen: NO
Lat: 28.945555555555554
Lon: -13.605277777777777</description>
            <styleUrl>#299</styleUrl>
            <Point id="297">
                <coordinates>-13.605277777777777,28.945555555555554,0.0</coordinates>
            </Point>
        </Placemark>
        <Placemark id="303">
            <name>GCXO</name>
            <description>Schengen: NO
Lat: 28.482777777777777
Lon: -16.341666666666665</description>
            <styleUrl>#304</styleUrl>
            <Point id="302">
                <coordinates>-16.341666666666665,28.482777777777777,0.0</coordinates>
            </Point>
        </Placemark>
        <Placemark id="308">
            <name>GMFF</name>
            <description>Schengen: NO
Lat: 33.92722222222222
Lon: -4.977777777777778</description>
            <styleUrl>#309</styleUrl>
            <Point id="307">
                <coordinates>-4.977777777777778,33.92722222222222,0.0</coordinates>
            </Point>
        </Placemark>
        <Placemark id="313">
            <name>GMMN</name>
            <description>Schengen: NO
Lat: 33.36416666666667
Lon: -7.581666666666666</description>
            <styleUrl>#314</styleUrl>
            <Point id="312">
                <coordinates>-7.581666666666666,33.36416666666667,0.0</coordinates>
            </Point>
        </Placemark>
        <Placemark id="318">
            <name>GMMX</name>
            <description>Schengen: NO
Lat: 31.608611111111113
Lon: -8.040833333333333</description>
            <styleUrl>#319</styleUrl>
            <Point id="317">
                <coordinates>-8.040833333333333,31.608611111111113,0.0</coordinates>
            </Point>
        </Placemark>
        <Placemark id="323">
            <name>GMTT</name>
            <description>Schengen: NO
Lat: 35.73166666666667
Lon: -5.921111111111111</description>
            <styleUrl>#324</styleUrl>
            <Point id="322">
                <coordinates>-5.921111111111111,35.73166666666667,0.0</coordinates>
            </Point>
        </Placemark>
        <Placemark id="328">
            <name>HECA</name>
            <description>Schengen: NO
Lat: 30.11138888888889
Lon: 31.413888888888888</description>
            <styleUrl>#329</styleUrl>
            <Point id="327">
                <coordinates>31.413888888888888,30.11138888888889,0.0</coordinates>
            </Point>
        </Placemark>
        <Placemark id="333">
            <name>HTDA</name>
            <description>Schengen: NO
Lat: -6.875555555555556
Lon: 39.20333333333333</description>
            <styleUrl>#334</styleUrl>
            <Point id="332">
                <coordinates>39.20333333333333,-6.875555555555556,0.0</coordinates>
            </Point>
        </Placemark>
        <Placemark id="338">
            <name>KATL</name>
            <description>Schengen: NO
Lat: 33.63333333333333
Lon: -84.43333333333334</description>
            <styleUrl>#339</styleUrl>
            <Point id="337">
                <coordinates>-84.43333333333334,33.63333333333333,0.0</coordinates>
            </Point>
        </Placemark>
        <Placemark id="343">
            <name>KCLT</name>
            <description>Schengen: NO
Lat: 35.21666666666667
Lon: -80.95</description>
            <styleUrl>#344</styleUrl>
            <Point id="342">
                <coordinates>-80.95,35.21666666666667,0.0</coordinates>
            </Point>
        </Placemark>
        <Placemark id="348">
            <name>KEWR</name>
            <description>Schengen: NO
Lat: 40.696666666666665
Lon: -74.16833333333334</description>
            <styleUrl>#349</styleUrl>
            <Point id="347">
                <coordinates>-74.16833333333334,40.696666666666665,0.0</coordinates>
            </Point>
        </Placemark>
        <Placemark id="353">
            <name>KIAD</name>
            <description>Schengen: NO
Lat: 38.94499999999999
Lon: -77.45666666666666</description>
            <styleUrl>#354</styleUrl>
            <Point id="352">
                <coordinates>-77.45666666666666,38.94499999999999,0.0</coordinates>
            </Point>
        </Placemark>
        <Placemark id="358">
            <name>KJFK</name>
            <description>Schengen: NO
Lat: 40.640277777777776
Lon: -73.77833333333334</description>
            <styleUrl>#359</styleUrl>
            <Point id="357">
                <coordinates>-73.77833333333334,40.640277777777776,0.0</coordinates>
            </Point>
        </Placemark>
        <Placemark id="363">
            <name>KMIA</name>
            <description>Schengen: NO
Lat: 25.8
Lon: -80.28333333333333</description>
            <styleUrl>#364</styleUrl>
            <Point id="362">
                <coordinates>-80.28333333333333,25.8,0.0</coordinates>
            </Point>
        </Placemark>
        <Placemark id="368">
            <name>KPHL</name>
            <description>Schengen: NO
Lat: 39.87
Lon: -75.245</description>
            <styleUrl>#369</styleUrl>
            <Point id="367">
                <coordinates>-75.245,39.87,0.0</coordinates>
            </Point>
        </Placemark>
        <Placemark id="373">
            <name>KUGN</name>
            <description>Schengen: NO
Lat: 42.42166666666667
Lon: -87.86833333333333</description>
            <styleUrl>#374</styleUrl>
            <Point id="372">
                <coordinates>-87.86833333333333,42.42166666666667,0.0</coordinates>
            </Point>
        </Placemark>
        <Placemark id="378">
            <name>LBSF</name>
            <description>Schengen: NO
Lat: 42.69499999999999
Lon: 23.40833333333333</description>
            <styleUrl>#379</styleUrl>
            <Point id="377">
                <coordinates>23.40833333333333,42.69499999999999,0.0</coordinates>
            </Point>
        </Placemark>
        <Placemark id="383">
            <name>LCLK</name>
            <description>Schengen: SI
Lat: 34.87888888888889
Lon: 33.63027777777778</description>
            <styleUrl>#384</styleUrl>
            <Point id="382">
                <coordinates>33.63027777777778,34.87888888888889,0.0</coordinates>
            </Point>
        </Placemark>
        <Placemark id="388">
            <name>LDDU</name>
            <description>Schengen: NO
Lat: 42.561388888888885
Lon: 18.26833333333333</description>
            <styleUrl>#389</styleUrl>
            <Point id="387">
                <coordinates>18.26833333333333,42.561388888888885,0.0</coordinates>
            </Point>
        </Placemark>
        <Placemark id="393">
            <name>LDSP</name>
            <description>Schengen: NO
Lat: 43.538888888888884
Lon: 16.298055555555557</description>
            <styleUrl>#394</styleUrl>
            <Point id="392">
                <coordinates>16.298055555555557,43.538888888888884,0.0</coordinates>
            </Point>
        </Placemark>
        <Placemark id="398">
            <name>LDZA</name>
            <description>Schengen: NO
Lat: 45.74305555555556
Lon: 16.06888888888889</description>
            <styleUrl>#399</styleUrl>
            <Point id="397">
                <coordinates>16.06888888888889,45.74305555555556,0.0</coordinates>
            </Point>
        </Placemark>
        <Placemark id="403">
            <name>LEAL</name>
            <description>Schengen: SI
Lat: 38.282222222222224
Lon: -0.5580555555555556</description>
            <styleUrl>#404</styleUrl>
            <Point id="402">
                <coordinates>-0.5580555555555556,38.282222222222224,0.0</coordinates>
            </Point>
        </Placemark>
        <Placemark id="408">
            <name>LEAM</name>
            <description>Schengen: SI
Lat: 36.84388888888889
Lon: -2.37</description>
            <styleUrl>#409</styleUrl>
            <Point id="407">
                <coordinates>-2.37,36.84388888888889,0.0</coordinates>
            </Point>
        </Placemark>
        <Placemark id="413">
            <name>LEAS</name>
            <description>Schengen: SI
Lat: 43.56361111111111
Lon: -6.034722222222222</description>
            <styleUrl>#414</styleUrl>
            <Point id="412">
                <coordinates>-6.034722222222222,43.56361111111111,0.0</coordinates>
            </Point>
        </Placemark>
        <Placemark id="418">
            <name>LEBB</name>
            <description>Schengen: SI
Lat: 43.301111111111105
Lon: -2.9105555555555553</description>
            <styleUrl>#419</styleUrl>
            <Point id="417">
                <coordinates>-2.9105555555555553,43.301111111111105,0.0</coordinates>
            </Point>
        </Placemark>
        <Placemark id="423">
            <name>LEBL</name>
            <description>Schengen: SI
Lat: 41.29694444444444
Lon: 2.0783333333333336</description>
            <styleUrl>#424</styleUrl>
            <Point id="422">
                <coordinates>2.0783333333333336,41.29694444444444,0.0</coordinates>
            </Point>
        </Placemark>
        <Placemark id="428">
            <name>LEBZ</name>
            <description>Schengen: SI
Lat: 38.89138888888889
Lon: -6.8213888888888885</description>
            <styleUrl>#429</styleUrl>
            <Point id="427">
                <coordinates>-6.8213888888888885,38.89138888888889,0.0</coordinates>
            </Point>
        </Placemark>
        <Placemark id="433">
            <name>LECO</name>
            <description>Schengen: SI
Lat: 43.301944444444445
Lon: -8.377222222222223</description>
            <styleUrl>#434</styleUrl>
            <Point id="432">
                <coordinates>-8.377222222222223,43.301944444444445,0.0</coordinates>
            </Point>
        </Placemark>
        <Placemark id="438">
            <name>LEGE</name>
            <description>Schengen: SI
Lat: 41.90083333333333
Lon: 2.7605555555555554</description>
            <styleUrl>#439</styleUrl>
            <Point id="437">
                <coordinates>2.7605555555555554,41.90083333333333,0.0</coordinates>
            </Point>
        </Placemark>
        <Placemark id="443">
            <name>LEGR</name>
            <description>Schengen: SI
Lat: 37.18861111111111
Lon: -3.777222222222222</description>
            <styleUrl>#444</styleUrl>
            <Point id="442">
                <coordinates>-3.777222222222222,37.18861111111111,0.0</coordinates>
            </Point>
        </Placemark>
        <Placemark id="448">
            <name>LEIB</name>
            <description>Schengen: SI
Lat: 38.87277777777778
Lon: 1.3730555555555557</description>
            <styleUrl>#449</styleUrl>
            <Point id="447">
                <coordinates>1.3730555555555557,38.87277777777778,0.0</coordinates>
            </Point>
        </Placemark>
        <Placemark id="453">
            <name>LEJR</name>
            <description>Schengen: SI
Lat: 36.74472222222222
Lon: -6.06</description>
            <styleUrl>#454</styleUrl>
            <Point id="452">
                <coordinates>-6.06,36.74472222222222,0.0</coordinates>
            </Point>
        </Placemark>
        <Placemark id="458">
            <name>LELN</name>
            <description>Schengen: SI
Lat: 42.58861111111111
Lon: -5.6561111111111115</description>
            <styleUrl>#459</styleUrl>
            <Point id="457">
                <coordinates>-5.6561111111111115,42.58861111111111,0.0</coordinates>
            </Point>
        </Placemark>
        <Placemark id="463">
            <name>LEMD</name>
            <description>Schengen: SI
Lat: 40.47222222222222
Lon: -3.560833333333333</description>
            <styleUrl>#464</styleUrl>
            <Point id="462">
                <coordinates>-3.560833333333333,40.47222222222222,0.0</coordinates>
            </Point>
        </Placemark>
        <Placemark id="468">
            <name>LEMG</name>
            <description>Schengen: SI
Lat: 36.675
Lon: -4.4991666666666665</description>
            <styleUrl>#469</styleUrl>
            <Point id="467">
                <coordinates>-4.4991666666666665,36.675,0.0</coordinates>
            </Point>
        </Placemark>
        <Placemark id="473">
            <name>LEMH</name>
            <description>Schengen: SI
Lat: 39.862500000000004
Lon: 4.2186111111111115</description>
            <styleUrl>#474</styleUrl>
            <Point id="472">
                <coordinates>4.2186111111111115,39.862500000000004,0.0</coordinates>
            </Point>
        </Placemark>
        <Placemark id="478">
            <name>LEPA</name>
            <description>Schengen: SI
Lat: 39.55166666666666
Lon: 2.738888888888889</description>
            <styleUrl>#479</styleUrl>
            <Point id="477">
                <coordinates>2.738888888888889,39.55166666666666,0.0</coordinates>
            </Point>
        </Placemark>
        <Placemark id="483">
            <name>LESO</name>
            <description>Schengen: SI
Lat: 43.35638888888889
Lon: -1.7905555555555555</description>
            <styleUrl>#484</styleUrl>
            <Point id="482">
                <coordinates>-1.7905555555555555,43.35638888888889,0.0</coordinates>
            </Point>
        </Placemark>
        <Placemark id="488">
            <name>LEST</name>
            <description>Schengen: SI
Lat: 42.896388888888886
Lon: -8.415277777777778</description>
            <styleUrl>#489</styleUrl>
            <Point id="487">
                <coordinates>-8.415277777777778,42.896388888888886,0.0</coordinates>
            </Point>
        </Placemark>
        <Placemark id="493">
            <name>LEVC</name>
            <description>Schengen: SI
Lat: 39.489444444444445
Lon: -0.4816666666666667</description>
            <styleUrl>#494</styleUrl>
            <Point id="492">
                <coordinates>-0.4816666666666667,39.489444444444445,0.0</coordinates>
            </Point>
        </Placemark>
        <Placemark id="498">
            <name>LEVD</name>
            <description>Schengen: SI
Lat: 41.70611111111111
Lon: -4.851944444444444</description>
            <styleUrl>#499</styleUrl>
            <Point id="497">
                <coordinates>-4.851944444444444,41.70611111111111,0.0</coordinates>
            </Point>
        </Placemark>
        <Placemark id="503">
            <name>LEVX</name>
            <description>Schengen: SI
Lat: 42.22916666666667
Lon: -8.627500000000001</description>
            <styleUrl>#504</styleUrl>
            <Point id="502">
                <coordinates>-8.627500000000001,42.22916666666667,0.0</coordinates>
            </Point>
        </Placemark>
        <Placemark id="508">
            <name>LEXJ</name>
            <description>Schengen: SI
Lat: 43.426944444444445
Lon: -3.82</description>
            <styleUrl>#509</styleUrl>
            <Point id="507">
                <coordinates>-3.82,43.426944444444445,0.0</coordinates>
            </Point>
        </Placemark>
        <Placemark id="513">
            <name>LEZL</name>
            <description>Schengen: SI
Lat: 37.418055555555554
Lon: -5.898888888888888</description>
            <styleUrl>#514</styleUrl>
            <Point id="512">
                <coordinates>-5.898888888888888,37.418055555555554,0.0</coordinates>
            </Point>
        </Placemark>
        <Placemark id="518">
            <name>LFBD</name>
            <description>Schengen: SI
Lat: 44.828611111111115
Lon: -0.7152777777777777</description>
            <styleUrl>#519</styleUrl>
            <Point id="517">
                <coordinates>-0.7152777777777777,44.828611111111115,0.0</coordinates>
            </Point>
        </Placemark>
        <Placemark id="523">
            <name>LFBT</name>
            <description>Schengen: SI
Lat: 43.18555555555555
Lon: -0.002777777777777778</description>
            <styleUrl>#524</styleUrl>
            <Point id="522">
                <coordinates>-0.002777777777777778,43.18555555555555,0.0</coordinates>
            </Point>
        </Placemark>
        <Placemark id="528">
            <name>LFCK</name>
            <description>Schengen: SI
Lat: 43.555
Lon: 2.2905555555555552</description>
            <styleUrl>#529</styleUrl>
            <Point id="527">
                <coordinates>2.2905555555555552,43.555,0.0</coordinates>
            </Point>
        </Placemark>
        <Placemark id="533">
            <name>LFLL</name>
            <description>Schengen: SI
Lat: 45.72555555555556
Lon: 5.0811111111111105</description>
            <styleUrl>#534</styleUrl>
            <Point id="532">
                <coordinates>5.0811111111111105,45.72555555555556,0.0</coordinates>
            </Point>
        </Placemark>
        <Placemark id="538">
            <name>LFMD</name>
            <description>Schengen: SI
Lat: 43.546388888888885
Lon: 6.954166666666667</description>
            <styleUrl>#539</styleUrl>
            <Point id="537">
                <coordinates>6.954166666666667,43.546388888888885,0.0</coordinates>
            </Point>
        </Placemark>
        <Placemark id="543">
            <name>LFML</name>
            <description>Schengen: SI
Lat: 43.43666666666666
Lon: 5.215</description>
            <styleUrl>#544</styleUrl>
            <Point id="542">
                <coordinates>5.215,43.43666666666666,0.0</coordinates>
            </Point>
        </Placemark>
        <Placemark id="548">
            <name>LFMN</name>
            <description>Schengen: SI
Lat: 43.665277777777774
Lon: 7.215</description>
            <styleUrl>#549</styleUrl>
            <Point id="547">
                <coordinates>7.215,43.665277777777774,0.0</coordinates>
            </Point>
        </Placemark>
        <Placemark id="553">
            <name>LFOB</name>
            <description>Schengen: SI
Lat: 49.45444444444445
Lon: 2.112777777777778</description>
            <styleUrl>#554</styleUrl>
            <Point id="552">
                <coordinates>2.112777777777778,49.45444444444445,0.0</coordinates>
            </Point>
        </Placemark>
        <Placemark id="558">
            <name>LFPG</name>
            <description>Schengen: SI
Lat: 49.00972222222222
Lon: 2.5477777777777777</description>
            <styleUrl>#559</styleUrl>
            <Point id="557">
                <coordinates>2.5477777777777777,49.00972222222222,0.0</coordinates>
            </Point>
        </Placemark>
        <Placemark id="563">
            <name>LFPO</name>
            <description>Schengen: SI
Lat: 48.723333333333336
Lon: 2.3794444444444447</description>
            <styleUrl>#564</styleUrl>
            <Point id="562">
                <coordinates>2.3794444444444447,48.723333333333336,0.0</coordinates>
            </Point>
        </Placemark>
        <Placemark id="568">
            <name>LFQQ</name>
            <description>Schengen: SI
Lat: 50.56333333333333
Lon: 3.0869444444444447</description>
            <styleUrl>#569</styleUrl>
            <Point id="567">
                <coordinates>3.0869444444444447,50.56333333333333,0.0</coordinates>
            </Point>
        </Placemark>
        <Placemark id="573">
            <name>LFRN</name>
            <description>Schengen: SI
Lat: 48.07194444444445
Lon: -1.7322222222222223</description>
            <styleUrl>#574</styleUrl>
            <Point id="572">
                <coordinates>-1.7322222222222223,48.07194444444445,0.0</coordinates>
            </Point>
        </Placemark>
        <Placemark id="578">
            <name>LFRS</name>
            <description>Schengen: SI
Lat: 47.15694444444444
Lon: -1.607777777777778</description>
            <styleUrl>#579</styleUrl>
            <Point id="577">
                <coordinates>-1.607777777777778,47.15694444444444,0.0</coordinates>
            </Point>
        </Placemark>
        <Placemark id="583">
            <name>LFSB</name>
            <description>Schengen: SI
Lat: 47.59
Lon: 7.529166666666667</description>
            <styleUrl>#584</styleUrl>
            <Point id="582">
                <coordinates>7.529166666666667,47.59,0.0</coordinates>
            </Point>
        </Placemark>
        <Placemark id="588">
            <name>LFST</name>
            <description>Schengen: SI
Lat: 48.54194444444444
Lon: 7.634444444444444</description>
            <styleUrl>#589</styleUrl>
            <Point id="587">
                <coordinates>7.634444444444444,48.54194444444444,0.0</coordinates>
            </Point>
        </Placemark>
        <Placemark id="593">
            <name>LGAV</name>
            <description>Schengen: SI
Lat: 37.93666666666666
Lon: 23.944444444444446</description>
            <styleUrl>#594</styleUrl>
            <Point id="592">
                <coordinates>23.944444444444446,37.93666666666666,0.0</coordinates>
            </Point>
        </Placemark>
        <Placemark id="598">
            <name>LGIR</name>
            <description>Schengen: SI
Lat: 35.33972222222222
Lon: 25.18027777777778</description>
            <styleUrl>#599</styleUrl>
            <Point id="597">
                <coordinates>25.18027777777778,35.33972222222222,0.0</coordinates>
            </Point>
        </Placemark>
        <Placemark id="603">
            <name>LGKR</name>
            <description>Schengen: SI
Lat: 39.60194444444445
Lon: 19.91222222222222</description>
            <styleUrl>#604</styleUrl>
            <Point id="602">
                <coordinates>19.91222222222222,39.60194444444445,0.0</coordinates>
            </Point>
        </Placemark>
        <Placemark id="608">
            <name>LGMK</name>
            <description>Schengen: SI
Lat: 37.43722222222222
Lon: 25.34722222222222</description>
            <styleUrl>#609</styleUrl>
            <Point id="607">
                <coordinates>25.34722222222222,37.43722222222222,0.0</coordinates>
            </Point>
        </Placemark>
        <Placemark id="613">
            <name>LGSR</name>
            <description>Schengen: SI
Lat: 36.399166666666666
Lon: 25.479166666666664</description>
            <styleUrl>#614</styleUrl>
            <Point id="612">
                <coordinates>25.479166666666664,36.399166666666666,0.0</coordinates>
            </Point>
        </Placemark>
        <Placemark id="618">
            <name>LGTS</name>
            <description>Schengen: SI
Lat: 40.51972222222222
Lon: 22.97083333333333</description>
            <styleUrl>#619</styleUrl>
            <Point id="617">
                <coordinates>22.97083333333333,40.51972222222222,0.0</coordinates>
            </Point>
        </Placemark>
        <Placemark id="623">
            <name>LHBP</name>
            <description>Schengen: SI
Lat: 47.43944444444444
Lon: 19.261944444444445</description>
            <styleUrl>#624</styleUrl>
            <Point id="622">
                <coordinates>19.261944444444445,47.43944444444444,0.0</coordinates>
            </Point>
        </Placemark>
        <Placemark id="628">
            <name>LIBD</name>
            <description>Schengen: SI
Lat: 41.13805555555555
Lon: 16.765</description>
            <styleUrl>#629</styleUrl>
            <Point id="627">
                <coordinates>16.765,41.13805555555555,0.0</coordinates>
            </Point>
        </Placemark>
        <Placemark id="633">
            <name>LICJ</name>
            <description>Schengen: SI
Lat: 38.18194444444444
Lon: 13.099444444444446</description>
            <styleUrl>#634</styleUrl>
            <Point id="632">
                <coordinates>13.099444444444446,38.18194444444444,0.0</coordinates>
            </Point>
        </Placemark>
        <Placemark id="638">
            <name>LIEE</name>
            <description>Schengen: SI
Lat: 39.24722222222222
Lon: 9.056111111111111</description>
            <styleUrl>#639</styleUrl>
            <Point id="637">
                <coordinates>9.056111111111111,39.24722222222222,0.0</coordinates>
            </Point>
        </Placemark>
        <Placemark id="643">
            <name>LIEO</name>
            <description>Schengen: SI
Lat: 40.89861111111111
Lon: 9.517777777777779</description>
            <styleUrl>#644</styleUrl>
            <Point id="642">
                <coordinates>9.517777777777779,40.89861111111111,0.0</coordinates>
            </Point>
        </Placemark>
        <Placemark id="648">
            <name>LIMC</name>
            <description>Schengen: SI
Lat: 45.63
Lon: 8.723055555555556</description>
            <styleUrl>#649</styleUrl>
            <Point id="647">
                <coordinates>8.723055555555556,45.63,0.0</coordinates>
            </Point>
        </Placemark>
        <Placemark id="653">
            <name>LIME</name>
            <description>Schengen: SI
Lat: 45.66888888888889
Lon: 9.700277777777776</description>
            <styleUrl>#654</styleUrl>
            <Point id="652">
                <coordinates>9.700277777777776,45.66888888888889,0.0</coordinates>
            </Point>
        </Placemark>
        <Placemark id="658">
            <name>LIMF</name>
            <description>Schengen: SI
Lat: 45.2025
Lon: 7.649444444444444</description>
            <styleUrl>#659</styleUrl>
            <Point id="657">
                <coordinates>7.649444444444444,45.2025,0.0</coordinates>
            </Point>
        </Placemark>
        <Placemark id="663">
            <name>LIML</name>
            <description>Schengen: SI
Lat: 45.44944444444444
Lon: 9.278333333333334</description>
            <styleUrl>#664</styleUrl>
            <Point id="662">
                <coordinates>9.278333333333334,45.44944444444444,0.0</coordinates>
            </Point>
        </Placemark>
        <Placemark id="668">
            <name>LIPE</name>
            <description>Schengen: SI
Lat: 44.530833333333334
Lon: 11.296944444444444</description>
            <styleUrl>#669</styleUrl>
            <Point id="667">
                <coordinates>11.296944444444444,44.530833333333334,0.0</coordinates>
            </Point>
        </Placemark>
        <Placemark id="673">
            <name>LIPH</name>
            <description>Schengen: SI
Lat: 45.65083333333333
Lon: 12.197777777777778</description>
            <styleUrl>#674</styleUrl>
            <Point id="672">
                <coordinates>12.197777777777778,45.65083333333333,0.0</coordinates>
            </Point>
        </Placemark>
        <Placemark id="678">
            <name>LIPX</name>
            <description>Schengen: SI
Lat: 45.396388888888886
Lon: 10.887777777777778</description>
            <styleUrl>#679</styleUrl>
            <Point id="677">
                <coordinates>10.887777777777778,45.396388888888886,0.0</coordinates>
            </Point>
        </Placemark>
        <Placemark id="683">
            <name>LIPZ</name>
            <description>Schengen: SI
Lat: 45.50527777777778
Lon: 12.351944444444444</description>
            <styleUrl>#684</styleUrl>
            <Point id="682">
                <coordinates>12.351944444444444,45.50527777777778,0.0</coordinates>
            </Point>
        </Placemark>
        <Placemark id="688">
            <name>LIRF</name>
            <description>Schengen: SI
Lat: 41.80027777777777
Lon: 12.238888888888889</description>
            <styleUrl>#689</styleUrl>
            <Point id="687">
                <coordinates>12.238888888888889,41.80027777777777,0.0</coordinates>
            </Point>
        </Placemark>
        <Placemark id="693">
            <name>LIRN</name>
            <description>Schengen: SI
Lat: 40.88444444444444
Lon: 14.290833333333333</description>
            <styleUrl>#694</styleUrl>
            <Point id="692">
                <coordinates>14.290833333333333,40.88444444444444,0.0</coordinates>
            </Point>
        </Placemark>
        <Placemark id="698">
            <name>LIRP</name>
            <description>Schengen: SI
Lat: 43.68277777777777
Lon: 10.395555555555555</description>
            <styleUrl>#699</styleUrl>
            <Point id="697">
                <coordinates>10.395555555555555,43.68277777777777,0.0</coordinates>
            </Point>
        </Placemark>
        <Placemark id="703">
            <name>LIRQ</name>
            <description>Schengen: SI
Lat: 43.808611111111105
Lon: 11.202777777777778</description>
            <styleUrl>#704</styleUrl>
            <Point id="702">
                <coordinates>11.202777777777778,43.808611111111105,0.0</coordinates>
            </Point>
        </Placemark>
        <Placemark id="708">
            <name>LKPR</name>
            <description>Schengen: SI
Lat: 50.100833333333334
Lon: 14.26</description>
            <styleUrl>#709</styleUrl>
            <Point id="707">
                <coordinates>14.26,50.100833333333334,0.0</coordinates>
            </Point>
        </Placemark>
        <Placemark id="713">
            <name>LLBG</name>
            <description>Schengen: NO
Lat: 32.00944444444445
Lon: 34.885555555555555</description>
            <styleUrl>#714</styleUrl>
            <Point id="712">
                <coordinates>34.885555555555555,32.00944444444445,0.0</coordinates>
            </Point>
        </Placemark>
        <Placemark id="718">
            <name>LMML</name>
            <description>Schengen: SI
Lat: 35.8575
Lon: 14.477500000000001</description>
            <styleUrl>#719</styleUrl>
            <Point id="717">
                <coordinates>14.477500000000001,35.8575,0.0</coordinates>
            </Point>
        </Placemark>
        <Placemark id="723">
            <name>LOWW</name>
            <description>Schengen: SI
Lat: 48.11027777777778
Lon: 16.56972222222222</description>
            <styleUrl>#724</styleUrl>
            <Point id="722">
                <coordinates>16.56972222222222,48.11027777777778,0.0</coordinates>
            </Point>
        </Placemark>
        <Placemark id="728">
            <name>LPPR</name>
            <description>Schengen: SI
Lat: 41.23555555555556
Lon: -8.678055555555554</description>
            <styleUrl>#729</styleUrl>
            <Point id="727">
                <coordinates>-8.678055555555554,41.23555555555556,0.0</coordinates>
            </Point>
        </Placemark>
        <Placemark id="733">
            <name>LPPT</name>
            <description>Schengen: SI
Lat: 38.774166666666666
Lon: -9.134166666666665</description>
            <styleUrl>#734</styleUrl>
            <Point id="732">
                <coordinates>-9.134166666666665,38.774166666666666,0.0</coordinates>
            </Point>
        </Placemark>
        <Placemark id="738">
            <name>LRCL</name>
            <description>Schengen: NO
Lat: 46.78916666666667
Lon: 23.692222222222224</description>
            <styleUrl>#739</styleUrl>
            <Point id="737">
                <coordinates>23.692222222222224,46.78916666666667,0.0</coordinates>
            </Point>
        </Placemark>
        <Placemark id="743">
            <name>LROP</name>
            <description>Schengen: NO
Lat: 44.571111111111115
Lon: 26.084999999999997</description>
            <styleUrl>#744</styleUrl>
            <Point id="742">
                <coordinates>26.084999999999997,44.571111111111115,0.0</coordinates>
            </Point>
        </Placemark>
        <Placemark id="748">
            <name>LSGG</name>
            <description>Schengen: SI
Lat: 46.23833333333334
Lon: 6.109444444444444</description>
            <styleUrl>#749</styleUrl>
            <Point id="747">
                <coordinates>6.109444444444444,46.23833333333334,0.0</coordinates>
            </Point>
        </Placemark>
        <Placemark id="753">
            <name>LSZG</name>
            <description>Schengen: SI
Lat: 47.18138888888889
Lon: 7.416388888888889</description>
            <styleUrl>#754</styleUrl>
            <Point id="752">
                <coordinates>7.416388888888889,47.18138888888889,0.0</coordinates>
            </Point>
        </Placemark>
        <Placemark id="758">
            <name>LSZH</name>
            <description>Schengen: SI
Lat: 47.45805555555556
Lon: 8.548055555555555</description>
            <styleUrl>#759</styleUrl>
            <Point id="757">
                <coordinates>8.548055555555555,47.45805555555556,0.0</coordinates>
            </Point>
        </Placemark>
        <Placemark id="763">
            <name>LTBA</name>
            <description>Schengen: NO
Lat: 40.976111111111116
Lon: 28.81416666666667</description>
            <styleUrl>#764</styleUrl>
            <Point id="762">
                <coordinates>28.81416666666667,40.976111111111116,0.0</coordinates>
            </Point>
        </Placemark>
        <Placemark id="768">
            <name>LTFJ</name>
            <description>Schengen: NO
Lat: 40.89833333333333
Lon: 29.309166666666666</description>
            <styleUrl>#769</styleUrl>
            <Point id="767">
                <coordinates>29.309166666666666,40.89833333333333,0.0</coordinates>
            </Point>
        </Placemark>
        <Placemark id="773">
            <name>LUKK</name>
            <description>Schengen: NO
Lat: 46.92777777777778
Lon: 28.930833333333336</description>
            <styleUrl>#774</styleUrl>
            <Point id="772">
                <coordinates>28.930833333333336,46.92777777777778,0.0</coordinates>
            </Point>
        </Placemark>
        <Placemark id="778">
            <name>LWSK</name>
            <description>Schengen: NO
Lat: 41.961666666666666
Lon: 21.62138888888889</description>
            <styleUrl>#779</styleUrl>
            <Point id="777">
                <coordinates>21.62138888888889,41.961666666666666,0.0</coordinates>
            </Point>
        </Placemark>
        <Placemark id="783">
            <name>LYBE</name>
            <description>Schengen: NO
Lat: 44.81944444444445
Lon: 20.306944444444444</description>
            <styleUrl>#784</styleUrl>
            <Point id="782">
                <coordinates>20.306944444444444,44.81944444444445,0.0</coordinates>
            </Point>
        </Placemark>
        <Placemark id="788">
            <name>LYTV</name>
            <description>Schengen: NO
Lat: 42.40472222222222
Lon: 18.723333333333333</description>
            <styleUrl>#789</styleUrl>
            <Point id="787">
                <coordinates>18.723333333333333,42.40472222222222,0.0</coordinates>
            </Point>
        </Placemark>
        <Placemark id="793">
            <name>OLBA</name>
            <description>Schengen: NO
Lat: 33.81916666666667
Lon: 35.49</description>
            <styleUrl>#794</styleUrl>
            <Point id="792">
                <coordinates>35.49,33.81916666666667,0.0</coordinates>
            </Point>
        </Placemark>
        <Placemark id="798">
            <name>OMAA</name>
            <description>Schengen: NO
Lat: 24.433333333333334
Lon: 54.65</description>
            <styleUrl>#799</styleUrl>
            <Point id="797">
                <coordinates>54.65,24.433333333333334,0.0</coordinates>
            </Point>
        </Placemark>
        <Placemark id="803">
            <name>OMDB</name>
            <description>Schengen: NO
Lat: 25.249166666666667
Lon: 55.36</description>
            <styleUrl>#804</styleUrl>
            <Point id="802">
                <coordinates>55.36,25.249166666666667,0.0</coordinates>
            </Point>
        </Placemark>
        <Placemark id="808">
            <name>OTHH</name>
            <description>Schengen: NO
Lat: 25.274444444444445
Lon: 51.608333333333334</description>
            <styleUrl>#809</styleUrl>
            <Point id="807">
                <coordinates>51.608333333333334,25.274444444444445,0.0</coordinates>
            </Point>
        </Placemark>
        <Placemark id="813">
            <name>SAEZ</name>
            <description>Schengen: NO
Lat: -34.82222222222222
Lon: -58.53583333333333</description>
            <styleUrl>#814</styleUrl>
            <Point id="812">
                <coordinates>-58.53583333333333,-34.82222222222222,0.0</coordinates>
            </Point>
        </Placemark>
        <Placemark id="818">
            <name>SBGR</name>
            <description>Schengen: NO
Lat: -23.433333333333334
Lon: -46.47</description>
            <styleUrl>#819</styleUrl>
            <Point id="817">
                <coordinates>-46.47,-23.433333333333334,0.0</coordinates>
            </Point>
        </Placemark>
        <Placemark id="823">
            <name>SKBO</name>
            <description>Schengen: NO
Lat: 4.7
Lon: -74.15</description>
            <styleUrl>#824</styleUrl>
            <Point id="822">
                <coordinates>-74.15,4.7,0.0</coordinates>
            </Point>
        </Placemark>
        <Placemark id="828">
            <name>UKBB</name>
            <description>Schengen: NO
Lat: 50.344722222222224
Lon: 30.893333333333334</description>
            <styleUrl>#829</styleUrl>
            <Point id="827">
                <coordinates>30.893333333333334,50.344722222222224,0.0</coordinates>
            </Point>
        </Placemark>
        <Placemark id="833">
            <name>UKKK</name>
            <description>Schengen: NO
Lat: 50.401944444444446
Lon: 30.451944444444443</description>
            <styleUrl>#834</styleUrl>
            <Point id="832">
                <coordinates>30.451944444444443,50.401944444444446,0.0</coordinates>
            </Point>
        </Placemark>
        <Placemark id="838">
            <name>ULLI</name>
            <description>Schengen: NO
Lat: 59.80027777777777
Lon: 30.2625</description>
            <styleUrl>#839</styleUrl>
            <Point id="837">
                <coordinates>30.2625,59.80027777777777,0.0</coordinates>
            </Point>
        </Placemark>
        <Placemark id="843">
            <name>URKK</name>
            <description>Schengen: NO
Lat: 45.03472222222222
Lon: 39.169999999999995</description>
            <styleUrl>#844</styleUrl>
            <Point id="842">
                <coordinates>39.169999999999995,45.03472222222222,0.0</coordinates>
            </Point>
        </Placemark>
        <Placemark id="848">
            <name>UUDD</name>
            <description>Schengen: NO
Lat: 55.40861111111111
Lon: 37.906388888888884</description>
            <styleUrl>#849</styleUrl>
            <Point id="847">
                <coordinates>37.906388888888884,55.40861111111111,0.0</coordinates>
            </Point>
        </Placemark>
        <Placemark id="853">
            <name>UUEE</name>
            <description>Schengen: NO
Lat: 55.972500000000004
Lon: 37.41305555555555</description>
            <styleUrl>#854</styleUrl>
            <Point id="852">
                <coordinates>37.41305555555555,55.972500000000004,0.0</coordinates>
            </Point>
        </Placemark>
        <Placemark id="858">
            <name>UWKD</name>
            <description>Schengen: NO
Lat: 55.606944444444444
Lon: 49.280277777777776</description>
            <styleUrl>#859</styleUrl>
            <Point id="857">
                <coordinates>49.280277777777776,55.606944444444444,0.0</coordinates>
            </Point>
        </Placemark>
        <Placemark id="863">
            <name>WSSS</name>
            <description>Schengen: NO
Lat: 1.3591666666666669
Lon: 103.98916666666666</description>
            <styleUrl>#864</styleUrl>
            <Point id="862">
                <coordinates>103.98916666666666,1.3591666666666669,0.0</coordinates>
            </Point>
        </Placemark>
    </Document>
</kml>
