<?xml version="1.0" encoding="UTF-8"?>
<kml xmlns="http://www.opengis.net/kml/2.2" xmlns:gx="http://www.google.com/kml/ext/2.2">
    <Document id="868">
        <Style id="871">
            <LineStyle id="872">
                <color>ff0000ff</color>
                <colorMode>normal</colorMode>
                <width>2</width>
            </LineStyle>
        </Style>
        <Style id="875">
            <LineStyle id="876">
                <color>ff0000ff</color>
                <colorMode>normal</colorMode>
                <width>2</width>
            </LineStyle>
        </Style>
        <Style id="879">
            <LineStyle id="880">
                <color>ff008000</color>
                <colorMode>normal</colorMode>
                <width>2</width>
            </LineStyle>
        </Style>
        <Style id="883">
            <LineStyle id="884">
                <color>ff008000</color>
                <colorMode>normal</colorMode>
                <width>2</width>
            </LineStyle>
        </Style>
        <Style id="887">
            <LineStyle id="888">
                <color>ff008000</color>
                <colorMode>normal</colorMode>
                <width>2</width>
            </LineStyle>
        </Style>
        <Style id="891">
            <LineStyle id="892">
                <color>ff008000</color>
                <colorMode>normal</colorMode>
                <width>2</width>
            </LineStyle>
        </Style>
        <Style id="895">
            <LineStyle id="896">
                <color>ff008000</color>
                <colorMode>normal</colorMode>
                <width>2</width>
            </LineStyle>
        </Style>
        <Style id="899">
            <LineStyle id="900">
                <color>ff008000</color>
                <colorMode>normal</colorMode>
                <width>2</width>
            </LineStyle>
        </Style>
        <Style id="903">
            <LineStyle id="904">
                <color>ff008000</color>
                <colorMode>normal</colorMode>
                <width>2</width>
            </LineStyle>
        </Style>
        <Style id="907">
            <LineStyle id="908">
                <color>ff008000</color>
                <colorMode>normal</colorMode>
                <width>2</width>
            </LineStyle>
        </Style>
        <Style id="911">
            <LineStyle id="912">
                <color>ff008000</color>
                <colorMode>normal</colorMode>
                <width>2</width>
            </LineStyle>
        </Style>
        <Style id="915">
            <LineStyle id="916">
                <color>ff008000</color>
                <colorMode>normal</colorMode>
                <width>2</width>
            </LineStyle>
        </Style>
        <Style id="919">
            <LineStyle id="920">
                <color>ff008000</color>
                <colorMode>normal</colorMode>
                <width>2</width>
            </LineStyle>
        </Style>
        <Style id="923">
            <LineStyle id="924">
                <color>ff0000ff</color>
                <colorMode>normal</colorMode>
                <width>2</width>
            </LineStyle>
        </Style>
        <Style id="927">
            <LineStyle id="928">
                <color>ff008000</color>
                <colorMode>normal</colorMode>
                <width>2</width>
            </LineStyle>
        </Style>
        <Style id="931">
            <LineStyle id="932">
                <color>ff0000ff</color>
                <colorMode>normal</colorMode>
                <width>2</width>
            </LineStyle>
        </Style>
        <Style id="935">
            <LineStyle id="936">
                <color>ff008000</color>
                <colorMode>normal</colorMode>
                <width>2</width>
            </LineStyle>
        </Style>
        <Style id="939">
            <LineStyle id="940">
                <color>ff008000</color>
                <colorMode>normal</colorMode>
                <width>2</width>
            </LineStyle>
        </Style>
        <Style id="943">
            <LineStyle id="944">
                <color>ff008000</color>
                <colorMode>normal</colorMode>
                <width>2</width>
            </LineStyle>
        </Style>
        <Style id="947">
            <LineStyle id="948">
                <color>ff008000</color>
                <colorMode>normal</colorMode>
                <width>2</width>
            </LineStyle>
        </Style>
        <Style id="951">
            <LineStyle id="952">
                <color>ff008000</color>
                <colorMode>normal</colorMode>
                <width>2</width>
            </LineStyle>
        </Style>
        <Style id="955">
            <LineStyle id="956">
                <color>ff008000</color>
                <colorMode>normal</colorMode>
                <width>2</width>
            </LineStyle>
        </Style>
        <Style id="959">
            <LineStyle id="960">
                <color>ff008000</color>
                <colorMode>normal</colorMode>
                <width>2</width>
            </LineStyle>
        </Style>
        <Style id="963">
            <LineStyle id="964">
                <color>ff008000</color>
                <colorMode>normal</colorMode>
                <width>2</width>
            </LineStyle>
        </Style>
        <Style id="967">
            <LineStyle id="968">
                <color>ff008000</color>
                <colorMode>normal</colorMode>
                <width>2</width>
            </LineStyle>
        </Style>
        <Style id="971">
            <LineStyle id="972">
                <color>ff008000</color>
                <colorMode>normal</colorMode>
                <width>2</width>
            </LineStyle>
        </Style>
        <Style id="975">
            <LineStyle id="976">
                <color>ff0000ff</color>
                <colorMode>normal</colorMode>
                <width>2</width>
            </LineStyle>
        </Style>
        <Style id="979">
            <LineStyle id="980">
                <color>ff008000</color>
                <colorMode>normal</colorMode>
                <width>2</width>
            </LineStyle>
        </Style>
        <Style id="983">
            <LineStyle id="984">
                <color>ff008000</color>
                <colorMode>normal</colorMode>
                <width>2</width>
            </LineStyle>
        </Style>
        <Style id="987">
            <LineStyle id="988">
                <color>ff008000</color>
                <colorMode>normal</colorMode>
                <width>2</width>
            </LineStyle>
        </Style>
        <Style id="991">
            <LineStyle id="992">
                <color>ff008000</color>
                <colorMode>normal</colorMode>
                <width>2</width>
            </LineStyle>
        </Style>
        <Style id="995">
            <LineStyle id="996">
                <color>ff008000</color>
                <colorMode>normal</colorMode>
                <width>2</width>
            </LineStyle>
        </Style>
        <Style id="999">
            <LineStyle id="1000">
                <color>ff008000</color>
                <colorMode>normal</colorMode>
                <width>2</width>
            </LineStyle>
        </Style>
        <Style id="1003">
            <LineStyle id="1004">
                <color>ff0000ff</color>
                <colorMode>normal</colorMode>
                <width>2</width>
            </LineStyle>
        </Style>
        <Style id="1007">
            <LineStyle id="1008">
                <color>ff008000</color>
                <colorMode>normal</colorMode>
                <width>2</width>
            </LineStyle>
        </Style>
        <Style id="1011">
            <LineStyle id="1012">
                <color>ff008000</color>
                <colorMode>normal</colorMode>
                <width>2</width>
            </LineStyle>
        </Style>
        <Style id="1015">
            <LineStyle id="1016">
                <color>ff0000ff</color>
                <colorMode>normal</colorMode>
                <width>2</width>
            </LineStyle>
        </Style>
        <Style id="1019">
            <LineStyle id="1020">
                <color>ff008000</color>
                <colorMode>normal</colorMode>
                <width>2</width>
            </LineStyle>
        </Style>
        <Style id="1023">
            <LineStyle id="1024">
                <color>ff008000</color>
                <colorMode>normal</colorMode>
                <width>2</width>
            </LineStyle>
        </Style>
        <Style id="1027">
            <LineStyle id="1028">
                <color>ff008000</color>
                <colorMode>normal</colorMode>
                <width>2</width>
            </LineStyle>
        </Style>
        <Style id="1031">
            <LineStyle id="1032">
                <color>ff008000</color>
                <colorMode>normal</colorMode>
                <width>2</width>
            </LineStyle>
        </Style>
        <Style id="1035">
            <LineStyle id="1036">
                <color>ff008000</color>
                <colorMode>normal</colorMode>
                <width>2</width>
            </LineStyle>
        </Style>
        <Style id="1039">
            <LineStyle id="1040">
                <color>ff0000ff</color>
                <colorMode>normal</colorMode>
                <width>2</width>
            </LineStyle>
        </Style>
        <Style id="1043">
            <LineStyle id="1044">
                <color>ff008000</color>
                <colorMode>normal</colorMode>
                <width>2</width>
            </LineStyle>
        </Style>
        <Style id="1047">
            <LineStyle id="1048">
                <color>ff008000</color>
                <colorMode>normal</colorMode>
                <width>2</width>
            </LineStyle>
        </Style>
        <Style id="1051">
            <LineStyle id="1052">
                <color>ff008000</color>
                <colorMode>normal</colorMode>
                <width>2</width>
            </LineStyle>
        </Style>
        <Style id="1055">
            <LineStyle id="1056">
                <color>ff008000</color>
                <colorMode>normal</colorMode>
                <width>2</width>
            </LineStyle>
        </Style>
        <Style id="1059">
            <LineStyle id="1060">
                <color>ff008000</color>
                <colorMode>normal</colorMode>
                <width>2</width>
            </LineStyle>
        </Style>
        <Style id="1063">
            <LineStyle id="1064">
                <color>ff0000ff</color>
                <colorMode>normal</colorMode>
                <width>2</width>
            </LineStyle>
        </Style>
        <Style id="1067">
            <LineStyle id="1068">
                <color>ff008000</color>
                <colorMode>normal</colorMode>
                <width>2</width>
            </LineStyle>
        </Style>
        <Style id="1071">
            <LineStyle id="1072">
                <color>ff0000ff</color>
                <colorMode>normal</colorMode>
                <width>2</width>
            </LineStyle>
        </Style>
        <Style id="1075">
            <LineStyle id="1076">
                <color>ff0000ff</color>
                <colorMode>normal</colorMode>
                <width>2</width>
            </LineStyle>
        </Style>
        <Style id="1079">
            <LineStyle id="1080">
                <color>ff008000</color>
                <colorMode>normal</colorMode>
                <width>2</width>
            </LineStyle>
        </Style>
        <Style id="1083">
            <LineStyle id="1084">
                <color>ff008000</color>
                <colorMode>normal</colorMode>
                <width>2</width>
            </LineStyle>
        </Style>
        <Style id="1087">
            <LineStyle id="1088">
                <color>ff008000</color>
                <colorMode>normal</colorMode>
                <width>2</width>
            </LineStyle>
        </Style>
        <Style id="1091">
            <LineStyle id="1092">
                <color>ff0000ff</color>
                <colorMode>normal</colorMode>
                <width>2</width>
            </LineStyle>
        </Style>
        <Style id="1095">
            <LineStyle id="1096">
                <color>ff008000</color>
                <colorMode>normal</colorMode>
                <width>2</width>
            </LineStyle>
        </Style>
        <Style id="1099">
            <LineStyle id="1100">
                <color>ff008000</color>
                <colorMode>normal</colorMode>
                <width>2</width>
            </LineStyle>
        </Style>
        <Style id="1103">
            <LineStyle id="1104">
                <color>ff0000ff</color>
                <colorMode>normal</colorMode>
                <width>2</width>
            </LineStyle>
        </Style>
        <Style id="1107">
            <LineStyle id="1108">
                <color>ff008000</color>
                <colorMode>normal</colorMode>
                <width>2</width>
            </LineStyle>
        </Style>
        <Style id="1111">
            <LineStyle id="1112">
                <color>ff008000</color>
                <colorMode>normal</colorMode>
                <width>2</width>
            </LineStyle>
        </Style>
        <Style id="1115">
            <LineStyle id="1116">
                <color>ff008000</color>
                <colorMode>normal</colorMode>
                <width>2</width>
            </LineStyle>
        </Style>
        <Style id="1119">
            <LineStyle id="1120">
                <color>ff008000</color>
                <colorMode>normal</colorMode>
                <width>2</width>
            </LineStyle>
        </Style>
        <Style id="1123">
            <LineStyle id="1124">
                <color>ff008000</color>
                <colorMode>normal</colorMode>
                <width>2</width>
            </LineStyle>
        </Style>
        <Style id="1127">
            <LineStyle id="1128">
                <color>ff008000</color>
                <colorMode>normal</colorMode>
                <width>2</width>
            </LineStyle>
        </Style>
        <Style id="1131">
            <LineStyle id="1132">
                <color>ff008000</color>
                <colorMode>normal</colorMode>
                <width>2</width>
            </LineStyle>
        </Style>
        <Style id="1135">
            <LineStyle id="1136">
                <color>ff008000</color>
                <colorMode>normal</colorMode>
                <width>2</width>
            </LineStyle>
        </Style>
        <Style id="1139">
            <LineStyle id="1140">
                <color>ff0000ff</color>
                <colorMode>normal</colorMode>
                <width>2</width>
            </LineStyle>
        </Style>
        <Style id="1143">
            <LineStyle id="1144">
                <color>ff0000ff</color>
                <colorMode>normal</colorMode>
                <width>2</width>
            </LineStyle>
        </Style>
        <Style id="1147">
            <LineStyle id="1148">
                <color>ff0000ff</color>
                <colorMode>normal</colorMode>
                <width>2</width>
            </LineStyle>
        </Style>
        <Style id="1151">
            <LineStyle id="1152">
                <color>ff008000</color>
                <colorMode>normal</colorMode>
                <width>2</width>
            </LineStyle>
        </Style>
        <Style id="1155">
            <LineStyle id="1156">
                <color>ff008000</color>
                <colorMode>normal</colorMode>
                <width>2</width>
            </LineStyle>
        </Style>
        <Style id="1159">
            <LineStyle id="1160">
                <color>ff008000</color>
                <colorMode>normal</colorMode>
                <width>2</width>
            </LineStyle>
        </Style>
        <Style id="1163">
            <LineStyle id="1164">
                <color>ff0000ff</color>
                <colorMode>normal</colorMode>
                <width>2</width>
            </LineStyle>
        </Style>
        <Style id="1167">
            <LineStyle id="1168">
                <color>ff008000</color>
                <colorMode>normal</colorMode>
                <width>2</width>
            </LineStyle>
        </Style>
        <Style id="1171">
            <LineStyle id="1172">
                <color>ff008000</color>
                <colorMode>normal</colorMode>
                <width>2</width>
            </LineStyle>
        </Style>
        <Style id="1175">
            <LineStyle id="1176">
                <color>ff008000</color>
                <colorMode>normal</colorMode>
                <width>2</width>
            </LineStyle>
        </Style>
        <Style id="1179">
            <LineStyle id="1180">
                <color>ff0000ff</color>
                <colorMode>normal</colorMode>
                <width>2</width>
            </LineStyle>
        </Style>
        <Style id="1183">
            <LineStyle id="1184">
                <color>ff008000</color>
                <colorMode>normal</colorMode>
                <width>2</width>
            </LineStyle>
        </Style>
        <Style id="1187">
            <LineStyle id="1188">
                <color>ff008000</color>
                <colorMode>normal</colorMode>
                <width>2</width>
            </LineStyle>
        </Style>
        <Style id="1191">
            <LineStyle id="1192">
                <color>ff0000ff</color>
                <colorMode>normal</colorMode>
                <width>2</width>
            </LineStyle>
        </Style>
        <Style id="1195">
            <LineStyle id="1196">
                <color>ff008000</color>
                <colorMode>normal</colorMode>
                <width>2</width>
            </LineStyle>
        </Style>
        <Style id="1199">
            <LineStyle id="1200">
                <color>ff0000ff</color>
                <colorMode>normal</colorMode>
                <width>2</width>
            </LineStyle>
        </Style>
        <Style id="1203">
            <LineStyle id="1204">
                <color>ff008000</color>
                <colorMode>normal</colorMode>
                <width>2</width>
            </LineStyle>
        </Style>
        <Style id="1207">
            <LineStyle id="1208">
                <color>ff008000</color>
                <colorMode>normal</colorMode>
                <width>2</width>
            </LineStyle>
        </Style>
        <Style id="1211">
            <LineStyle id="1212">
                <color>ff0000ff</color>
                <colorMode>normal</colorMode>
                <width>2</width>
            </LineStyle>
        </Style>
        <Style id="1215">
            <LineStyle id="1216">
                <color>ff008000</color>
                <colorMode>normal</colorMode>
                <width>2</width>
            </LineStyle>
        </Style>
        <Style id="1219">
            <LineStyle id="1220">
                <color>ff0000ff</color>
                <colorMode>normal</colorMode>
                <width>2</width>
            </LineStyle>
        </Style>
        <Style id="1223">
            <LineStyle id="1224">
                <color>ff008000</color>
                <colorMode>normal</colorMode>
                <width>2</width>
            </LineStyle>
        </Style>
        <Style id="1227">
            <LineStyle id="1228">
                <color>ff0000ff</color>
                <colorMode>normal</colorMode>
                <width>2</width>
            </LineStyle>
        </Style>
        <Style id="1231">
            <LineStyle id="1232">
                <color>ff0000ff</color>
                <colorMode>normal</colorMode>
                <width>2</width>
            </LineStyle>
        </Style>
        <Style id="1235">
            <LineStyle id="1236">
                <color>ff0000ff</color>
                <colorMode>normal</colorMode>
                <width>2</width>
            </LineStyle>
        </Style>
        <Style id="1239">
            <LineStyle id="1240">
                <color>ff0000ff</color>
                <colorMode>normal</colorMode>
                <width>2</width>
            </LineStyle>
        </Style>
        <Style id="1243">
            <LineStyle id="1244">
                <color>ff008000</color>
                <colorMode>normal</colorMode>
                <width>2</width>
            </LineStyle>
        </Style>
        <Style id="1247">
            <LineStyle id="1248">
                <color>ff008000</color>
                <colorMode>normal</colorMode>
                <width>2</width>
            </LineStyle>
        </Style>
        <Style id="1251">
            <LineStyle id="1252">
                <color>ff0000ff</color>
                <colorMode>normal</colorMode>
                <width>2</width>
            </LineStyle>
        </Style>
        <Style id="1255">
            <LineStyle id="1256">
                <color>ff008000</color>
                <colorMode>normal</colorMode>
                <width>2</width>
            </LineStyle>
        </Style>
        <Style id="1259">
            <LineStyle id="1260">
                <color>ff008000</color>
                <colorMode>normal</colorMode>
                <width>2</width>
            </LineStyle>
        </Style>
        <Style id="1263">
            <LineStyle id="1264">
                <color>ff0000ff</color>
                <colorMode>normal</colorMode>
                <width>2</width>
            </LineStyle>
        </Style>
        <Style id="1267">
            <LineStyle id="1268">
                <color>ff008000</color>
                <colorMode>normal</colorMode>
                <width>2</width>
            </LineStyle>
        </Style>
        <Style id="1271">
            <LineStyle id="1272">
                <color>ff0000ff</color>
                <colorMode>normal</colorMode>
                <width>2</width>
            </LineStyle>
        </Style>
        <Style id="1275">
            <LineStyle id="1276">
                <color>ff0000ff</color>
                <colorMode>normal</colorMode>
                <width>2</width>
            </LineStyle>
        </Style>
        <Style id="1279">
            <LineStyle id="1280">
                <color>ff0000ff</color>
                <colorMode>normal</colorMode>
                <width>2</width>
            </LineStyle>
        </Style>
        <Style id="1283">
            <LineStyle id="1284">
                <color>ff0000ff</color>
                <colorMode>normal</colorMode>
                <width>2</width>
            </LineStyle>
        </Style>
        <Style id="1287">
            <LineStyle id="1288">
                <color>ff0000ff</color>
                <colorMode>normal</colorMode>
                <width>2</width>
            </LineStyle>
        </Style>
        <Style id="1291">
            <LineStyle id="1292">
                <color>ff008000</color>
                <colorMode>normal</colorMode>
                <width>2</width>
            </LineStyle>
        </Style>
        <Style id="1295">
            <LineStyle id="1296">
                <color>ff0000ff</color>
                <colorMode>normal</colorMode>
                <width>2</width>
            </LineStyle>
        </Style>
        <Style id="1299">
            <LineStyle id="1300">
                <color>ff008000</color>
                <colorMode>normal</colorMode>
                <width>2</width>
            </LineStyle>
        </Style>
        <Style id="1303">
            <LineStyle id="1304">
                <color>ff008000</color>
                <colorMode>normal</colorMode>
                <width>2</width>
            </LineStyle>
        </Style>
        <Style id="1307">
            <LineStyle id="1308">
                <color>ff008000</color>
                <colorMode>normal</colorMode>
                <width>2</width>
            </LineStyle>
        </Style>
        <Style id="1311">
            <LineStyle id="1312">
                <color>ff008000</color>
                <colorMode>normal</colorMode>
                <width>2</width>
            </LineStyle>
        </Style>
        <Style id="1315">
            <LineStyle id="1316">
                <color>ff0000ff</color>
                <colorMode>normal</colorMode>
                <width>2</width>
            </LineStyle>
        </Style>
        <Style id="1319">
            <LineStyle id="1320">
                <color>ff008000</color>
                <colorMode>normal</colorMode>
                <width>2</width>
            </LineStyle>
        </Style>
        <Style id="1323">
            <LineStyle id="1324">
                <color>ff008000</color>
                <colorMode>normal</colorMode>
                <width>2</width>
            </LineStyle>
        </Style>
        <Style id="1327">
            <LineStyle id="1328">
                <color>ff0000ff</color>
                <colorMode>normal</colorMode>
                <width>2</width>
            </LineStyle>
        </Style>
        <Style id="1331">
            <LineStyle id="1332">
                <color>ff0000ff</color>
                <colorMode>normal</colorMode>
                <width>2</width>
            </LineStyle>
        </Style>
        <Style id="1335">
            <LineStyle id="1336">
                <color>ff008000</color>
                <colorMode>normal</colorMode>
                <width>2</width>
            </LineStyle>
        </Style>
        <Style id="1339">
            <LineStyle id="1340">
                <color>ff0000ff</color>
                <colorMode>normal</colorMode>
                <width>2</width>
            </LineStyle>
        </Style>
        <Style id="1343">
            <LineStyle id="1344">
                <color>ff008000</color>
                <colorMode>normal</colorMode>
                <width>2</width>
            </LineStyle>
        </Style>
        <Style id="1347">
            <LineStyle id="1348">
                <color>ff008000</color>
                <colorMode>normal</colorMode>
                <width>2</width>
            </LineStyle>
        </Style>
        <Style id="1351">
            <LineStyle id="1352">
                <color>ff0000ff</color>
                <colorMode>normal</colorMode>
                <width>2</width>
            </LineStyle>
        </Style>
        <Style id="1355">
            <LineStyle id="1356">
                <color>ff0000ff</color>
                <colorMode>normal</colorMode>
                <width>2</width>
            </LineStyle>
        </Style>
        <Style id="1359">
            <LineStyle id="1360">
                <color>ff008000</color>
                <colorMode>normal</colorMode>
                <width>2</width>
            </LineStyle>
        </Style>
        <Style id="1363">
            <LineStyle id="1364">
                <color>ff0000ff</color>
                <colorMode>normal</colorMode>
                <width>2</width>
            </LineStyle>
        </Style>
        <Style id="1367">
            <LineStyle id="1368">
                <color>ff008000</color>
                <colorMode>normal</colorMode>
                <width>2</width>
            </LineStyle>
        </Style>
        <Style id="1371">
            <LineStyle id="1372">
                <color>ff008000</color>
                <colorMode>normal</colorMode>
                <width>2</width>
            </LineStyle>
        </Style>
        <Style id="1375">
            <LineStyle id="1376">
                <color>ff008000</color>
                <colorMode>normal</colorMode>
                <width>2</width>
            </LineStyle>
        </Style>
        <Style id="1379">
            <LineStyle id="1380">
                <color>ff008000</color>
                <colorMode>normal</colorMode>
                <width>2</width>
            </LineStyle>
        </Style>
        <Style id="1383">
            <LineStyle id="1384">
                <color>ff0000ff</color>
                <colorMode>normal</colorMode>
                <width>2</width>
            </LineStyle>
        </Style>
        <Style id="1387">
            <LineStyle id="1388">
                <color>ff008000</color>
                <colorMode>normal</colorMode>
                <width>2</width>
            </LineStyle>
        </Style>
        <Style id="1391">
            <LineStyle id="1392">
                <color>ff008000</color>
                <colorMode>normal</colorMode>
                <width>2</width>
            </LineStyle>
        </Style>
        <Style id="1395">
            <LineStyle id="1396">
                <color>ff0000ff</color>
                <colorMode>normal</colorMode>
                <width>2</width>
            </LineStyle>
        </Style>
        <Style id="1399">
            <LineStyle id="1400">
                <color>ff008000</color>
                <colorMode>normal</colorMode>
                <width>2</width>
            </LineStyle>
        </Style>
        <Style id="1403">
            <LineStyle id="1404">
                <color>ff008000</color>
                <colorMode>normal</colorMode>
                <width>2</width>
            </LineStyle>
        </Style>
        <Style id="1407">
            <LineStyle id="1408">
                <color>ff0000ff</color>
                <colorMode>normal</colorMode>
                <width>2</width>
            </LineStyle>
        </Style>
        <Style id="1411">
            <LineStyle id="1412">
                <color>ff008000</color>
                <colorMode>normal</colorMode>
                <width>2</width>
            </LineStyle>
        </Style>
        <Style id="1415">
            <LineStyle id="1416">
                <color>ff008000</color>
                <colorMode>normal</colorMode>
                <width>2</width>
            </LineStyle>
        </Style>
        <Style id="1419">
            <LineStyle id="1420">
                <color>ff008000</color>
                <colorMode>normal</colorMode>
                <width>2</width>
            </LineStyle>
        </Style>
        <Style id="1423">
            <LineStyle id="1424">
                <color>ff0000ff</color>
                <colorMode>normal</colorMode>
                <width>2</width>
            </LineStyle>
        </Style>
        <Style id="1427">
            <LineStyle id="1428">
                <color>ff0000ff</color>
                <colorMode>normal</colorMode>
                <width>2</width>
            </LineStyle>
        </Style>
        <Style id="1431">
            <LineStyle id="1432">
                <color>ff008000</color>
                <colorMode>normal</colorMode>
                <width>2</width>
            </LineStyle>
        </Style>
        <Style id="1435">
            <LineStyle id="1436">
                <color>ff008000</color>
                <colorMode>normal</colorMode>
                <width>2</width>
            </LineStyle>
        </Style>
        <Style id="1439">
            <LineStyle id="1440">
                <color>ff0000ff</color>
                <colorMode>normal</colorMode>
                <width>2</width>
            </LineStyle>
        </Style>
        <Style id="1443">
            <LineStyle id="1444">
                <color>ff008000</color>
                <colorMode>normal</colorMode>
                <width>2</width>
            </LineStyle>
        </Style>
        <Style id="1447">
            <LineStyle id="1448">
                <color>ff0000ff</color>
                <colorMode>normal</colorMode>
                <width>2</width>
            </LineStyle>
        </Style>
        <Style id="1451">
            <LineStyle id="1452">
                <color>ff0000ff</color>
                <colorMode>normal</colorMode>
                <width>2</width>
            </LineStyle>
        </Style>
        <Style id="1455">
            <LineStyle id="1456">
                <color>ff0000ff</color>
                <colorMode>normal</colorMode>
                <width>2</width>
            </LineStyle>
        </Style>
        <Style id="1459">
            <LineStyle id="1460">
                <color>ff008000</color>
                <colorMode>normal</colorMode>
                <width>2</width>
            </LineStyle>
        </Style>
        <Style id="1463">
            <LineStyle id="1464">
                <color>ff008000</color>
                <colorMode>normal</colorMode>
                <width>2</width>
            </LineStyle>
        </Style>
        <Style id="1467">
            <LineStyle id="1468">
                <color>ff0000ff</color>
                <colorMode>normal</colorMode>
                <width>2</width>
            </LineStyle>
        </Style>
        <Style id="1471">
            <LineStyle id="1472">
                <color>ff008000</color>
                <colorMode>normal</colorMode>
                <width>2</width>
            </LineStyle>
        </Style>
        <Style id="1475">
            <LineStyle id="1476">
                <color>ff008000</color>
                <colorMode>normal</colorMode>
                <width>2</width>
            </LineStyle>
        </Style>
        <Style id="1479">
            <LineStyle id="1480">
                <color>ff0000ff</color>
                <colorMode>normal</colorMode>
                <width>2</width>
            </LineStyle>
        </Style>
        <Style id="1483">
            <LineStyle id="1484">
                <color>ff0000ff</color>
                <colorMode>normal</colorMode>
                <width>2</width>
            </LineStyle>
        </Style>
        <Style id="1487">
            <LineStyle id="1488">
                <color>ff0000ff</color>
                <colorMode>normal</colorMode>
                <width>2</width>
            </LineStyle>
        </Style>
        <Style id="1491">
            <LineStyle id="1492">
                <color>ff008000</color>
                <colorMode>normal</colorMode>
                <width>2</width>
            </LineStyle>
        </Style>
        <Style id="1495">
            <LineStyle id="1496">
                <color>ff008000</color>
                <colorMode>normal</colorMode>
                <width>2</width>
            </LineStyle>
        </Style>
        <Style id="1499">
            <LineStyle id="1500">
                <color>ff008000</color>
                <colorMode>normal</colorMode>
                <width>2</width>
            </LineStyle>
        </Style>
        <Style id="1503">
            <LineStyle id="1504">
                <color>ff008000</color>
                <colorMode>normal</colorMode>
                <width>2</width>
            </LineStyle>
        </Style>
        <Style id="1507">
            <LineStyle id="1508">
                <color>ff008000</color>
                <colorMode>normal</colorMode>
                <width>2</width>
            </LineStyle>
        </Style>
        <Style id="1511">
            <LineStyle id="1512">
                <color>ff0000ff</color>
                <colorMode>normal</colorMode>
                <width>2</width>
            </LineStyle>
        </Style>
        <Style id="1515">
            <LineStyle id="1516">
                <color>ff008000</color>
                <colorMode>normal</colorMode>
                <width>2</width>
            </LineStyle>
        </Style>
        <Style id="1519">
            <LineStyle id="1520">
                <color>ff008000</color>
                <colorMode>normal</colorMode>
                <width>2</width>
            </LineStyle>
        </Style>
        <Style id="1523">
            <LineStyle id="1524">
                <color>ff008000</color>
                <colorMode>normal</colorMode>
                <width>2</width>
            </LineStyle>
        </Style>
        <Style id="1527">
            <LineStyle id="1528">
                <color>ff0000ff</color>
                <colorMode>normal</colorMode>
                <width>2</width>
            </LineStyle>
        </Style>
        <Style id="1531">
            <LineStyle id="1532">
                <color>ff008000</color>
                <colorMode>normal</colorMode>
                <width>2</width>
            </LineStyle>
        </Style>
        <Style id="1535">
            <LineStyle id="1536">
                <color>ff008000</color>
                <colorMode>normal</colorMode>
                <width>2</width>
            </LineStyle>
        </Style>
        <Style id="1539">
            <LineStyle id="1540">
                <color>ff008000</color>
                <colorMode>normal</colorMode>
                <width>2</width>
            </LineStyle>
        </Style>
        <Style id="1543">
            <LineStyle id="1544">
                <color>ff0000ff</color>
                <colorMode>normal</colorMode>
                <width>2</width>
            </LineStyle>
        </Style>
        <Style id="1547">
            <LineStyle id="1548">
                <color>ff0000ff</color>
                <colorMode>normal</colorMode>
                <width>2</width>
            </LineStyle>
        </Style>
        <Style id="1551">
            <LineStyle id="1552">
                <color>ff0000ff</color>
                <colorMode>normal</colorMode>
                <width>2</width>
            </LineStyle>
        </Style>
        <Style id="1555">
            <LineStyle id="1556">
                <color>ff008000</color>
                <colorMode>normal</colorMode>
                <width>2</width>
            </LineStyle>
        </Style>
        <Style id="1559">
            <LineStyle id="1560">
                <color>ff0000ff</color>
                <colorMode>normal</colorMode>
                <width>2</width>
            </LineStyle>
        </Style>
        <Style id="1563">
            <LineStyle id="1564">
                <color>ff0000ff</color>
                <colorMode>normal</colorMode>
                <width>2</width>
            </LineStyle>
        </Style>
        <Style id="1567">
            <LineStyle id="1568">
                <color>ff0000ff</color>
                <colorMode>normal</colorMode>
                <width>2</width>
            </LineStyle>
        </Style>
        <Style id="1571">
            <LineStyle id="1572">
                <color>ff008000</color>
                <colorMode>normal</colorMode>
                <width>2</width>
            </LineStyle>
        </Style>
        <Style id="1575">
            <LineStyle id="1576">
                <color>ff008000</color>
                <colorMode>normal</colorMode>
                <width>2</width>
            </LineStyle>
        </Style>
        <Style id="1579">
            <LineStyle id="1580">
                <color>ff008000</color>
                <colorMode>normal</colorMode>
                <width>2</width>
            </LineStyle>
        </Style>
        <Style id="1583">
            <LineStyle id="1584">
                <color>ff0000ff</color>
                <colorMode>normal</colorMode>
                <width>2</width>
            </LineStyle>
        </Style>
        <Style id="1587">
            <LineStyle id="1588">
                <color>ff008000</color>
                <colorMode>normal</colorMode>
                <width>2</width>
            </LineStyle>
        </Style>
        <Style id="1591">
            <LineStyle id="1592">
                <color>ff0000ff</color>
                <colorMode>normal</colorMode>
                <width>2</width>
            </LineStyle>
        </Style>
        <Style id="1595">
            <LineStyle id="1596">
                <color>ff0000ff</color>
                <colorMode>normal</colorMode>
                <width>2</width>
            </LineStyle>
        </Style>
        <Style id="1599">
            <LineStyle id="1600">
                <color>ff008000</color>
                <colorMode>normal</colorMode>
                <width>2</width>
            </LineStyle>
        </Style>
        <Style id="1603">
            <LineStyle id="1604">
                <color>ff008000</color>
                <colorMode>normal</colorMode>
                <width>2</width>
            </LineStyle>
        </Style>
        <Style id="1607">
            <LineStyle id="1608">
                <color>ff0000ff</color>
                <colorMode>normal</colorMode>
                <width>2</width>
            </LineStyle>
        </Style>
        <Style id="1611">
            <LineStyle id="1612">
                <color>ff008000</color>
                <colorMode>normal</colorMode>
                <width>2</width>
            </LineStyle>
        </Style>
        <Style id="1615">
            <LineStyle id="1616">
                <color>ff0000ff</color>
                <colorMode>normal</colorMode>
                <width>2</width>
            </LineStyle>
        </Style>
        <Style id="1619">
            <LineStyle id="1620">
                <color>ff008000</color>
                <colorMode>normal</colorMode>
                <width>2</width>
            </LineStyle>
        </Style>
        <Style id="1623">
            <LineStyle id="1624">
                <color>ff008000</color>
                <colorMode>normal</colorMode>
                <width>2</width>
            </LineStyle>
        </Style>
        <Style id="1627">
            <LineStyle id="1628">
                <color>ff008000</color>
                <colorMode>normal</colorMode>
                <width>2</width>
            </LineStyle>
        </Style>
        <Style id="1631">
            <LineStyle id="1632">
                <color>ff008000</color>
                <colorMode>normal</colorMode>
                <width>2</width>
            </LineStyle>
        </Style>
        <Style id="1635">
            <LineStyle id="1636">
                <color>ff008000</color>
                <colorMode>normal</colorMode>
                <width>2</width>
            </LineStyle>
        </Style>
        <Style id="1639">
            <LineStyle id="1640">
                <color>ff0000ff</color>
                <colorMode>normal</colorMode>
                <width>2</width>
            </LineStyle>
        </Style>
        <Style id="1643">
            <LineStyle id="1644">
                <color>ff0000ff</color>
                <colorMode>normal</colorMode>
                <width>2</width>
            </LineStyle>
        </Style>
        <Style id="1647">
            <LineStyle id="1648">
                <color>ff008000</color>
                <colorMode>normal</colorMode>
                <width>2</width>
            </LineStyle>
        </Style>
        <Style id="1651">
            <LineStyle id="1652">
                <color>ff008000</color>
                <colorMode>normal</colorMode>
                <width>2</width>
            </LineStyle>
        </Style>
        <Style id="1655">
            <LineStyle id="1656">
                <color>ff008000</color>
                <colorMode>normal</colorMode>
                <width>2</width>
            </LineStyle>
        </Style>
        <Style id="1659">
            <LineStyle id="1660">
                <color>ff008000</color>
                <colorMode>normal</colorMode>
                <width>2</width>
            </LineStyle>
        </Style>
        <Style id="1663">
            <LineStyle id="1664">
                <color>ff0000ff</color>
                <colorMode>normal</colorMode>
                <width>2</width>
            </LineStyle>
        </Style>
        <Style id="1667">
            <LineStyle id="1668">
                <color>ff008000</color>
                <colorMode>normal</colorMode>
                <width>2</width>
            </LineStyle>
        </Style>
        <Style id="1671">
            <LineStyle id="1672">
                <color>ff008000</color>
                <colorMode>normal</colorMode>
                <width>2</width>
            </LineStyle>
        </Style>
        <Style id="1675">
            <LineStyle id="1676">
                <color>ff008000</color>
                <colorMode>normal</colorMode>
                <width>2</width>
            </LineStyle>
        </Style>
        <Style id="1679">
            <LineStyle id="1680">
                <color>ff0000ff</color>
                <colorMode>normal</colorMode>
                <width>2</width>
            </LineStyle>
        </Style>
        <Style id="1683">
            <LineStyle id="1684">
                <color>ff008000</color>
                <colorMode>normal</colorMode>
                <width>2</width>
            </LineStyle>
        </Style>
        <Style id="1687">
            <LineStyle id="1688">
                <color>ff008000</color>
                <colorMode>normal</colorMode>
                <width>2</width>
            </LineStyle>
        </Style>
        <Style id="1691">
            <LineStyle id="1692">
                <color>ff0000ff</color>
                <colorMode>normal</colorMode>
                <width>2</width>
            </LineStyle>
        </Style>
        <Style id="1695">
            <LineStyle id="1696">
                <color>ff0000ff</color>
                <colorMode>normal</colorMode>
                <width>2</width>
            </LineStyle>
        </Style>
        <Style id="1699">
            <LineStyle id="1700">
                <color>ff0000ff</color>
                <colorMode>normal</colorMode>
                <width>2</width>
            </LineStyle>
        </Style>
        <Style id="1703">
            <LineStyle id="1704">
                <color>ff008000</color>
                <colorMode>normal</colorMode>
                <width>2</width>
            </LineStyle>
        </Style>
        <Style id="1707">
            <LineStyle id="1708">
                <color>ff008000</color>
                <colorMode>normal</colorMode>
                <width>2</width>
            </LineStyle>
        </Style>
        <Style id="1711">
            <LineStyle id="1712">
                <color>ff008000</color>
                <colorMode>normal</colorMode>
                <width>2</width>
            </LineStyle>
        </Style>
        <Style id="1715">
            <LineStyle id="1716">
                <color>ff0000ff</color>
                <colorMode>normal</colorMode>
                <width>2</width>
            </LineStyle>
        </Style>
        <Style id="1719">
            <LineStyle id="1720">
                <color>ff008000</color>
                <colorMode>normal</colorMode>
                <width>2</width>
            </LineStyle>
        </Style>
        <Style id="1723">
            <LineStyle id="1724">
                <color>ff008000</color>
                <colorMode>normal</colorMode>
                <width>2</width>
            </LineStyle>
        </Style>
        <Style id="1727">
            <LineStyle id="1728">
                <color>ff008000</color>
                <colorMode>normal</colorMode>
                <width>2</width>
            </LineStyle>
        </Style>
        <Style id="1731">
            <LineStyle id="1732">
                <color>ff008000</color>
                <colorMode>normal</colorMode>
                <width>2</width>
            </LineStyle>
        </Style>
        <Style id="1735">
            <LineStyle id="1736">
                <color>ff008000</color>
                <colorMode>normal</colorMode>
                <width>2</width>
            </LineStyle>
        </Style>
        <Style id="1739">
            <LineStyle id="1740">
                <color>ff008000</color>
                <colorMode>normal</colorMode>
                <width>2</width>
            </LineStyle>
        </Style>
        <Style id="1743">
            <LineStyle id="1744">
                <color>ff0000ff</color>
                <colorMode>normal</colorMode>
                <width>2</width>
            </LineStyle>
        </Style>
        <Style id="1747">
            <LineStyle id="1748">
                <color>ff008000</color>
                <colorMode>normal</colorMode>
                <width>2</width>
            </LineStyle>
        </Style>
        <Style id="1751">
            <LineStyle id="1752">
                <color>ff0000ff</color>
                <colorMode>normal</colorMode>
                <width>2</width>
            </LineStyle>
        </Style>
        <Style id="1755">
            <LineStyle id="1756">
                <color>ff0000ff</color>
                <colorMode>normal</colorMode>
                <width>2</width>
            </LineStyle>
        </Style>
        <Style id="1759">
            <LineStyle id="1760">
                <color>ff008000</color>
                <colorMode>normal</colorMode>
                <width>2</width>
            </LineStyle>
        </Style>
        <Style id="1763">
            <LineStyle id="1764">
                <color>ff008000</color>
                <colorMode>normal</colorMode>
                <width>2</width>
            </LineStyle>
        </Style>
        <Style id="1767">
            <LineStyle id="1768">
                <color>ff0000ff</color>
                <colorMode>normal</colorMode>
                <width>2</width>
            </LineStyle>
        </Style>
        <Style id="1771">
            <LineStyle id="1772">
                <color>ff008000</color>
                <colorMode>normal</colorMode>
                <width>2</width>
            </LineStyle>
        </Style>
        <Style id="1775">
            <LineStyle id="1776">
                <color>ff008000</color>
                <colorMode>normal</colorMode>
                <width>2</width>
            </LineStyle>
        </Style>
        <Style id="1779">
            <LineStyle id="1780">
                <color>ff008000</color>
                <colorMode>normal</colorMode>
                <width>2</width>
            </LineStyle>
        </Style>
        <Style id="1783">
            <LineStyle id="1784">
                <color>ff008000</color>
                <colorMode>normal</colorMode>
                <width>2</width>
            </LineStyle>
        </Style>
        <Style id="1787">
            <LineStyle id="1788">
                <color>ff008000</color>
                <colorMode>normal</colorMode>
                <width>2</width>
            </LineStyle>
        </Style>
        <Style id="1791">
            <LineStyle id="1792">
                <color>ff008000</color>
                <colorMode>normal</colorMode>
                <width>2</width>
            </LineStyle>
        </Style>
        <Style id="1795">
            <LineStyle id="1796">
                <color>ff008000</color>
                <colorMode>normal</colorMode>
                <width>2</width>
            </LineStyle>
        </Style>
        <Style id="1799">
            <LineStyle id="1800">
                <color>ff008000</color>
                <colorMode>normal</colorMode>
                <width>2</width>
            </LineStyle>
        </Style>
        <Style id="1803">
            <LineStyle id="1804">
                <color>ff008000</color>
                <colorMode>normal</colorMode>
                <width>2</width>
            </LineStyle>
        </Style>
        <Style id="1807">
            <LineStyle id="1808">
                <color>ff008000</color>
                <colorMode>normal</colorMode>
                <width>2</width>
            </LineStyle>
        </Style>
        <Style id="1811">
            <LineStyle id="1812">
                <color>ff0000ff</color>
                <colorMode>normal</colorMode>
                <width>2</width>
            </LineStyle>
        </Style>
        <Style id="1815">
            <LineStyle id="1816">
                <color>ff008000</color>
                <colorMode>normal</colorMode>
                <width>2</width>
            </LineStyle>
        </Style>
        <Style id="1819">
            <LineStyle id="1820">
                <color>ff008000</color>
                <colorMode>normal</colorMode>
                <width>2</width>
            </LineStyle>
        </Style>
        <Style id="1823">
            <LineStyle id="1824">
                <color>ff008000</color>
                <colorMode>normal</colorMode>
                <width>2</width>
            </LineStyle>
        </Style>
        <Style id="1827">
            <LineStyle id="1828">
                <color>ff008000</color>
                <colorMode>normal</colorMode>
                <width>2</width>
            </LineStyle>
        </Style>
        <Style id="1831">
            <LineStyle id="1832">
                <color>ff0000ff</color>
                <colorMode>normal</colorMode>
                <width>2</width>
            </LineStyle>
        </Style>
        <Style id="1835">
            <LineStyle id="1836">
                <color>ff008000</color>
                <colorMode>normal</colorMode>
                <width>2</width>
            </LineStyle>
        </Style>
        <Style id="1839">
            <LineStyle id="1840">
                <color>ff008000</color>
                <colorMode>normal</colorMode>
                <width>2</width>
            </LineStyle>
        </Style>
        <Style id="1843">
            <LineStyle id="1844">
                <color>ff0000ff</color>
                <colorMode>normal</colorMode>
                <width>2</width>
            </LineStyle>
        </Style>
        <Style id="1847">
            <LineStyle id="1848">
                <color>ff008000</color>
                <colorMode>normal</colorMode>
                <width>2</width>
            </LineStyle>
        </Style>
        <Style id="1851">
            <LineStyle id="1852">
                <color>ff008000</color>
                <colorMode>normal</colorMode>
                <width>2</width>
            </LineStyle>
        </Style>
        <Style id="1855">
            <LineStyle id="1856">
                <color>ff008000</color>
                <colorMode>normal</colorMode>
                <width>2</width>
            </LineStyle>
        </Style>
        <Style id="1859">
            <LineStyle id="1860">
                <color>ff0000ff</color>
                <colorMode>normal</colorMode>
                <width>2</width>
            </LineStyle>
        </Style>
        <Style id="1863">
            <LineStyle id="1864">
                <color>ff0000ff</color>
                <colorMode>normal</colorMode>
                <width>2</width>
            </LineStyle>
        </Style>
        <Style id="1867">
            <LineStyle id="1868">
                <color>ff008000</color>
                <colorMode>normal</colorMode>
                <width>2</width>
            </LineStyle>
        </Style>
        <Style id="1871">
            <LineStyle id="1872">
                <color>ff008000</color>
                <colorMode>normal</colorMode>
                <width>2</width>
            </LineStyle>
        </Style>
        <Style id="1875">
            <LineStyle id="1876">
                <color>ff008000</color>
                <colorMode>normal</colorMode>
                <width>2</width>
            </LineStyle>
        </Style>
        <Style id="1879">
            <LineStyle id="1880">
                <color>ff008000</color>
                <colorMode>normal</colorMode>
                <width>2</width>
            </LineStyle>
        </Style>
        <Style id="1883">
            <LineStyle id="1884">
                <color>ff0000ff</color>
                <colorMode>normal</colorMode>
                <width>2</width>
            </LineStyle>
        </Style>
        <Style id="1887">
            <LineStyle id="1888">
                <color>ff008000</color>
                <colorMode>normal</colorMode>
                <width>2</width>
            </LineStyle>
        </Style>
        <Style id="1891">
            <LineStyle id="1892">
                <color>ff008000</color>
                <colorMode>normal</colorMode>
                <width>2</width>
            </LineStyle>
        </Style>
        <Style id="1895">
            <LineStyle id="1896">
                <color>ff008000</color>
                <colorMode>normal</colorMode>
                <width>2</width>
            </LineStyle>
        </Style>
        <Style id="1899">
            <LineStyle id="1900">
                <color>ff008000</color>
                <colorMode>normal</colorMode>
                <width>2</width>
            </LineStyle>
        </Style>
        <Style id="1903">
            <LineStyle id="1904">
                <color>ff008000</color>
                <colorMode>normal</colorMode>
                <width>2</width>
            </LineStyle>
        </Style>
        <Style id="1907">
            <LineStyle id="1908">
                <color>ff008000</color>
                <colorMode>normal</colorMode>
                <width>2</width>
            </LineStyle>
        </Style>
        <Style id="1911">
            <LineStyle id="1912">
                <color>ff008000</color>
                <colorMode>normal</colorMode>
                <width>2</width>
            </LineStyle>
        </Style>
        <Style id="1915">
            <LineStyle id="1916">
                <color>ff008000</color>
                <colorMode>normal</colorMode>
                <width>2</width>
            </LineStyle>
        </Style>
        <Style id="1919">
            <LineStyle id="1920">
                <color>ff008000</color>
                <colorMode>normal</colorMode>
                <width>2</width>
            </LineStyle>
        </Style>
        <Style id="1923">
            <LineStyle id="1924">
                <color>ff0000ff</color>
                <colorMode>normal</colorMode>
                <width>2</width>
            </LineStyle>
        </Style>
        <Style id="1927">
            <LineStyle id="1928">
                <color>ff0000ff</color>
                <colorMode>normal</colorMode>
                <width>2</width>
            </LineStyle>
        </Style>
        <Style id="1931">
            <LineStyle id="1932">
                <color>ff0000ff</color>
                <colorMode>normal</colorMode>
                <width>2</width>
            </LineStyle>
        </Style>
        <Style id="1935">
            <LineStyle id="1936">
                <color>ff008000</color>
                <colorMode>normal</colorMode>
                <width>2</width>
            </LineStyle>
        </Style>
        <Style id="1939">
            <LineStyle id="1940">
                <color>ff0000ff</color>
                <colorMode>normal</colorMode>
                <width>2</width>
            </LineStyle>
        </Style>
        <Style id="1943">
            <LineStyle id="1944">
                <color>ff008000</color>
                <colorMode>normal</colorMode>
                <width>2</width>
            </LineStyle>
        </Style>
        <Style id="1947">
            <LineStyle id="1948">
                <color>ff0000ff</color>
                <colorMode>normal</colorMode>
                <width>2</width>
            </LineStyle>
        </Style>
        <Style id="1951">
            <LineStyle id="1952">
                <color>ff008000</color>
                <colorMode>normal</colorMode>
                <width>2</width>
            </LineStyle>
        </Style>
        <Style id="1955">
            <LineStyle id="1956">
                <color>ff008000</color>
                <colorMode>normal</colorMode>
                <width>2</width>
            </LineStyle>
        </Style>
        <Style id="1959">
            <LineStyle id="1960">
                <color>ff008000</color>
                <colorMode>normal</colorMode>
                <width>2</width>
            </LineStyle>
        </Style>
        <Style id="1963">
            <LineStyle id="1964">
                <color>ff008000</color>
                <colorMode>normal</colorMode>
                <width>2</width>
            </LineStyle>
        </Style>
        <Style id="1967">
            <LineStyle id="1968">
                <color>ff008000</color>
                <colorMode>normal</colorMode>
                <width>2</width>
            </LineStyle>
        </Style>
        <Style id="1971">
            <LineStyle id="1972">
                <color>ff0000ff</color>
                <colorMode>normal</colorMode>
                <width>2</width>
            </LineStyle>
        </Style>
        <Style id="1975">
            <LineStyle id="1976">
                <color>ff008000</color>
                <colorMode>normal</colorMode>
                <width>2</width>
            </LineStyle>
        </Style>
        <Style id="1979">
            <LineStyle id="1980">
                <color>ff0000ff</color>
                <colorMode>normal</colorMode>
                <width>2</width>
            </LineStyle>
        </Style>
        <Style id="1983">
            <LineStyle id="1984">
                <color>ff008000</color>
                <colorMode>normal</colorMode>
                <width>2</width>
            </LineStyle>
        </Style>
        <Style id="1987">
            <LineStyle id="1988">
                <color>ff008000</color>
                <colorMode>normal</colorMode>
                <width>2</width>
            </LineStyle>
        </Style>
        <Style id="1991">
            <LineStyle id="1992">
                <color>ff008000</color>
                <colorMode>normal</colorMode>
                <width>2</width>
            </LineStyle>
        </Style>
        <Style id="1995">
            <LineStyle id="1996">
                <color>ff008000</color>
                <colorMode>normal</colorMode>
                <width>2</width>
            </LineStyle>
        </Style>
        <Style id="1999">
            <LineStyle id="2000">
                <color>ff008000</color>
                <colorMode>normal</colorMode>
                <width>2</width>
            </LineStyle>
        </Style>
        <Style id="2003">
            <LineStyle id="2004">
                <color>ff008000</color>
                <colorMode>normal</colorMode>
                <width>2</width>
            </LineStyle>
        </Style>
        <Style id="2007">
            <LineStyle id="2008">
                <color>ff008000</color>
                <colorMode>normal</colorMode>
                <width>2</width>
            </LineStyle>
        </Style>
        <Style id="2011">
            <LineStyle id="2012">
                <color>ff008000</color>
                <colorMode>normal</colorMode>
                <width>2</width>
            </LineStyle>
        </Style>
        <Style id="2015">
            <LineStyle id="2016">
                <color>ff0000ff</color>
                <colorMode>normal</colorMode>
                <width>2</width>
            </LineStyle>
        </Style>
        <Style id="2019">
            <LineStyle id="2020">
                <color>ff008000</color>
                <colorMode>normal</colorMode>
                <width>2</width>
            </LineStyle>
        </Style>
        <Style id="2023">
            <LineStyle id="2024">
                <color>ff0000ff</color>
                <colorMode>normal</colorMode>
                <width>2</width>
            </LineStyle>
        </Style>
        <Style id="2027">
            <LineStyle id="2028">
                <color>ff008000</color>
                <colorMode>normal</colorMode>
                <width>2</width>
            </LineStyle>
        </Style>
        <Style id="2031">
            <LineStyle id="2032">
                <color>ff008000</color>
                <colorMode>normal</colorMode>
                <width>2</width>
            </LineStyle>
        </Style>
        <Style id="2035">
            <LineStyle id="2036">
                <color>ff008000</color>
                <colorMode>normal</colorMode>
                <width>2</width>
            </LineStyle>
        </Style>
        <Style id="2039">
            <LineStyle id="2040">
                <color>ff0000ff</color>
                <colorMode>normal</colorMode>
                <width>2</width>
            </LineStyle>
        </Style>
        <Style id="2043">
            <LineStyle id="2044">
                <color>ff008000</color>
                <colorMode>normal</colorMode>
                <width>2</width>
            </LineStyle>
        </Style>
        <Style id="2047">
            <LineStyle id="2048">
                <color>ff008000</color>
                <colorMode>normal</colorMode>
                <width>2</width>
            </LineStyle>
        </Style>
        <Style id="2051">
            <LineStyle id="2052">
                <color>ff0000ff</color>
                <colorMode>normal</colorMode>
                <width>2</width>
            </LineStyle>
        </Style>
        <Style id="2055">
            <LineStyle id="2056">
                <color>ff008000</color>
                <colorMode>normal</colorMode>
                <width>2</width>
            </LineStyle>
        </Style>
        <Style id="2059">
            <LineStyle id="2060">
                <color>ff008000</color>
                <colorMode>normal</colorMode>
                <width>2</width>
            </LineStyle>
        </Style>
        <Style id="2063">
            <LineStyle id="2064">
                <color>ff0000ff</color>
                <colorMode>normal</colorMode>
                <width>2</width>
            </LineStyle>
        </Style>
        <Style id="2067">
            <LineStyle id="2068">
                <color>ff008000</color>
                <colorMode>normal</colorMode>
                <width>2</width>
            </LineStyle>
        </Style>
        <Style id="2071">
            <LineStyle id="2072">
                <color>ff008000</color>
                <colorMode>normal</colorMode>
                <width>2</width>
            </LineStyle>
        </Style>
        <Style id="2075">
            <LineStyle id="2076">
                <color>ff008000</color>
                <colorMode>normal</colorMode>
                <width>2</width>
            </LineStyle>
        </Style>
        <Style id="2079">
            <LineStyle id="2080">
                <color>ff008000</color>
                <colorMode>normal</colorMode>
                <width>2</width>
            </LineStyle>
        </Style>
        <Style id="2083">
            <LineStyle id="2084">
                <color>ff008000</color>
                <colorMode>normal</colorMode>
                <width>2</width>
            </LineStyle>
        </Style>
        <Style id="2087">
            <LineStyle id="2088">
                <color>ff008000</color>
                <colorMode>normal</colorMode>
                <width>2</width>
            </LineStyle>
        </Style>
        <Style id="2091">
            <LineStyle id="2092">
                <color>ff008000</color>
                <colorMode>normal</colorMode>
                <width>2</width>
            </LineStyle>
        </Style>
        <Style id="2095">
            <LineStyle id="2096">
                <color>ff008000</color>
                <colorMode>normal</colorMode>
                <width>2</width>
            </LineStyle>
        </Style>
        <Style id="2099">
            <LineStyle id="2100">
                <color>ff008000</color>
                <colorMode>normal</colorMode>
                <width>2</width>
            </LineStyle>
        </Style>
        <Style id="2103">
            <LineStyle id="2104">
                <color>ff0000ff</color>
                <colorMode>normal</colorMode>
                <width>2</width>
            </LineStyle>
        </Style>
        <Style id="2107">
            <LineStyle id="2108">
                <color>ff008000</color>
                <colorMode>normal</colorMode>
                <width>2</width>
            </LineStyle>
        </Style>
        <Style id="2111">
            <LineStyle id="2112">
                <color>ff008000</color>
                <colorMode>normal</colorMode>
                <width>2</width>
            </LineStyle>
        </Style>
        <Style id="2115">
            <LineStyle id="2116">
                <color>ff008000</color>
                <colorMode>normal</colorMode>
                <width>2</width>
            </LineStyle>
        </Style>
        <Style id="2119">
            <LineStyle id="2120">
                <color>ff008000</color>
                <colorMode>normal</colorMode>
                <width>2</width>
            </LineStyle>
        </Style>
        <Style id="2123">
            <LineStyle id="2124">
                <color>ff008000</color>
                <colorMode>normal</colorMode>
                <width>2</width>
            </LineStyle>
        </Style>
        <Style id="2127">
            <LineStyle id="2128">
                <color>ff008000</color>
                <colorMode>normal</colorMode>
                <width>2</width>
            </LineStyle>
        </Style>
        <Style id="2131">
            <LineStyle id="2132">
                <color>ff0000ff</color>
                <colorMode>normal</colorMode>
                <width>2</width>
            </LineStyle>
        </Style>
        <Style id="2135">
            <LineStyle id="2136">
                <color>ff008000</color>
                <colorMode>normal</colorMode>
                <width>2</width>
            </LineStyle>
        </Style>
        <Style id="2139">
            <LineStyle id="2140">
                <color>ff008000</color>
                <colorMode>normal</colorMode>
                <width>2</width>
            </LineStyle>
        </Style>
        <Style id="2143">
            <LineStyle id="2144">
                <color>ff008000</color>
                <colorMode>normal</colorMode>
                <width>2</width>
            </LineStyle>
        </Style>
        <Style id="2147">
            <LineStyle id="2148">
                <color>ff008000</color>
                <colorMode>normal</colorMode>
                <width>2</width>
            </LineStyle>
        </Style>
        <Style id="2151">
            <LineStyle id="2152">
                <color>ff008000</color>
                <colorMode>normal</colorMode>
                <width>2</width>
            </LineStyle>
        </Style>
        <Style id="2155">
            <LineStyle id="2156">
                <color>ff008000</color>
                <colorMode>normal</colorMode>
                <width>2</width>
            </LineStyle>
        </Style>
        <Style id="2159">
            <LineStyle id="2160">
                <color>ff0000ff</color>
                <colorMode>normal</colorMode>
                <width>2</width>
            </LineStyle>
        </Style>
        <Style id="2163">
            <LineStyle id="2164">
                <color>ff0000ff</color>
                <colorMode>normal</colorMode>
                <width>2</width>
            </LineStyle>
        </Style>
        <Style id="2167">
            <LineStyle id="2168">
                <color>ff0000ff</color>
                <colorMode>normal</colorMode>
                <width>2</width>
            </LineStyle>
        </Style>
        <Style id="2171">
            <LineStyle id="2172">
                <color>ff008000</color>
                <colorMode>normal</colorMode>
                <width>2</width>
            </LineStyle>
        </Style>
        <Style id="2175">
            <LineStyle id="2176">
                <color>ff0000ff</color>
                <colorMode>normal</colorMode>
                <width>2</width>
            </LineStyle>
        </Style>
        <Style id="2179">
            <LineStyle id="2180">
                <color>ff008000</color>
                <colorMode>normal</colorMode>
                <width>2</width>
            </LineStyle>
        </Style>
        <Style id="2183">
            <LineStyle id="2184">
                <color>ff0000ff</color>
                <colorMode>normal</colorMode>
                <width>2</width>
            </LineStyle>
        </Style>
        <Style id="2187">
            <LineStyle id="2188">
                <color>ff008000</color>
                <colorMode>normal</colorMode>
                <width>2</width>
            </LineStyle>
        </Style>
        <Style id="2191">
            <LineStyle id="2192">
                <color>ff008000</color>
                <colorMode>normal</colorMode>
                <width>2</width>
            </LineStyle>
        </Style>
        <Style id="2195">
            <LineStyle id="2196">
                <color>ff008000</color>
                <colorMode>normal</colorMode>
                <width>2</width>
            </LineStyle>
        </Style>
        <Style id="2199">
            <LineStyle id="2200">
                <color>ff008000</color>
                <colorMode>normal</colorMode>
                <width>2</width>
            </LineStyle>
        </Style>
        <Style id="2203">
            <LineStyle id="2204">
                <color>ff008000</color>
                <colorMode>normal</colorMode>
                <width>2</width>
            </LineStyle>
        </Style>
        <Style id="2207">
            <LineStyle id="2208">
                <color>ff008000</color>
                <colorMode>normal</colorMode>
                <width>2</width>
            </LineStyle>
        </Style>
        <Style id="2211">
            <LineStyle id="2212">
                <color>ff008000</color>
                <colorMode>normal</colorMode>
                <width>2</width>
            </LineStyle>
        </Style>
        <Style id="2215">
            <LineStyle id="2216">
                <color>ff0000ff</color>
                <colorMode>normal</colorMode>
                <width>2</width>
            </LineStyle>
        </Style>
        <Style id="2219">
            <LineStyle id="2220">
                <color>ff008000</color>
                <colorMode>normal</colorMode>
                <width>2</width>
            </LineStyle>
        </Style>
        <Style id="2223">
            <LineStyle id="2224">
                <color>ff008000</color>
                <colorMode>normal</colorMode>
                <width>2</width>
            </LineStyle>
        </Style>
        <Style id="2227">
            <LineStyle id="2228">
                <color>ff008000</color>
                <colorMode>normal</colorMode>
                <width>2</width>
            </LineStyle>
        </Style>
        <Style id="2231">
            <LineStyle id="2232">
                <color>ff0000ff</color>
                <colorMode>normal</colorMode>
                <width>2</width>
            </LineStyle>
        </Style>
        <Style id="2235">
            <LineStyle id="2236">
                <color>ff0000ff</color>
                <colorMode>normal</colorMode>
                <width>2</width>
            </LineStyle>
        </Style>
        <Style id="2239">
            <LineStyle id="2240">
                <color>ff008000</color>
                <colorMode>normal</colorMode>
                <width>2</width>
            </LineStyle>
        </Style>
        <Style id="2243">
            <LineStyle id="2244">
                <color>ff008000</color>
                <colorMode>normal</colorMode>
                <width>2</width>
            </LineStyle>
        </Style>
        <Style id="2247">
            <LineStyle id="2248">
                <color>ff008000</color>
                <colorMode>normal</colorMode>
                <width>2</width>
            </LineStyle>
        </Style>
        <Style id="2251">
            <LineStyle id="2252">
                <color>ff0000ff</color>
                <colorMode>normal</colorMode>
                <width>2</width>
            </LineStyle>
        </Style>
        <Style id="2255">
            <LineStyle id="2256">
                <color>ff008000</color>
                <colorMode>normal</colorMode>
                <width>2</width>
            </LineStyle>
        </Style>
        <Style id="2259">
            <LineStyle id="2260">
                <color>ff008000</color>
                <colorMode>normal</colorMode>
                <width>2</width>
            </LineStyle>
        </Style>
        <Style id="2263">
            <LineStyle id="2264">
                <color>ff008000</color>
                <colorMode>normal</colorMode>
                <width>2</width>
            </LineStyle>
        </Style>
        <Style id="2267">
            <LineStyle id="2268">
                <color>ff008000</color>
                <colorMode>normal</colorMode>
                <width>2</width>
            </LineStyle>
        </Style>
        <Style id="2271">
            <LineStyle id="2272">
                <color>ff008000</color>
                <colorMode>normal</colorMode>
                <width>2</width>
            </LineStyle>
        </Style>
        <Style id="2275">
            <LineStyle id="2276">
                <color>ff008000</color>
                <colorMode>normal</colorMode>
                <width>2</width>
            </LineStyle>
        </Style>
        <Style id="2279">
            <LineStyle id="2280">
                <color>ff008000</color>
                <colorMode>normal</colorMode>
                <width>2</width>
            </LineStyle>
        </Style>
        <Style id="2283">
            <LineStyle id="2284">
                <color>ff008000</color>
                <colorMode>normal</colorMode>
                <width>2</width>
            </LineStyle>
        </Style>
        <Style id="2287">
            <LineStyle id="2288">
                <color>ff008000</color>
                <colorMode>normal</colorMode>
                <width>2</width>
            </LineStyle>
        </Style>
        <Style id="2291">
            <LineStyle id="2292">
                <color>ff008000</color>
                <colorMode>normal</colorMode>
                <width>2</width>
            </LineStyle>
        </Style>
        <Style id="2295">
            <LineStyle id="2296">
                <color>ff008000</color>
                <colorMode>normal</colorMode>
                <width>2</width>
            </LineStyle>
        </Style>
        <Style id="2299">
            <LineStyle id="2300">
                <color>ff0000ff</color>
                <colorMode>normal</colorMode>
                <width>2</width>
            </LineStyle>
        </Style>
        <Style id="2303">
            <LineStyle id="2304">
                <color>ff008000</color>
                <colorMode>normal</colorMode>
                <width>2</width>
            </LineStyle>
        </Style>
        <Style id="2307">
            <LineStyle id="2308">
                <color>ff0000ff</color>
                <colorMode>normal</colorMode>
                <width>2</width>
            </LineStyle>
        </Style>
        <Style id="2311">
            <LineStyle id="2312">
                <color>ff0000ff</color>
                <colorMode>normal</colorMode>
                <width>2</width>
            </LineStyle>
        </Style>
        <Style id="2315">
            <LineStyle id="2316">
                <color>ff008000</color>
                <colorMode>normal</colorMode>
                <width>2</width>
            </LineStyle>
        </Style>
        <Style id="2319">
            <LineStyle id="2320">
                <color>ff008000</color>
                <colorMode>normal</colorMode>
                <width>2</width>
            </LineStyle>
        </Style>
        <Style id="2323">
            <LineStyle id="2324">
                <color>ff008000</color>
                <colorMode>normal</colorMode>
                <width>2</width>
            </LineStyle>
        </Style>
        <Style id="2327">
            <LineStyle id="2328">
                <color>ff0000ff</color>
                <colorMode>normal</colorMode>
                <width>2</width>
            </LineStyle>
        </Style>
        <Style id="2331">
            <LineStyle id="2332">
                <color>ff008000</color>
                <colorMode>normal</colorMode>
                <width>2</width>
            </LineStyle>
        </Style>
        <Style id="2335">
            <LineStyle id="2336">
                <color>ff0000ff</color>
                <colorMode>normal</colorMode>
                <width>2</width>
            </LineStyle>
        </Style>
        <Style id="2339">
            <LineStyle id="2340">
                <color>ff008000</color>
                <colorMode>normal</colorMode>
                <width>2</width>
            </LineStyle>
        </Style>
        <Style id="2343">
            <LineStyle id="2344">
                <color>ff008000</color>
                <colorMode>normal</colorMode>
                <width>2</width>
            </LineStyle>
        </Style>
        <Style id="2347">
            <LineStyle id="2348">
                <color>ff0000ff</color>
                <colorMode>normal</colorMode>
                <width>2</width>
            </LineStyle>
        </Style>
        <Style id="2351">
            <LineStyle id="2352">
                <color>ff008000</color>
                <colorMode>normal</colorMode>
                <width>2</width>
            </LineStyle>
        </Style>
        <Style id="2355">
            <LineStyle id="2356">
                <color>ff008000</color>
                <colorMode>normal</colorMode>
                <width>2</width>
            </LineStyle>
        </Style>
        <Style id="2359">
            <LineStyle id="2360">
                <color>ff008000</color>
                <colorMode>normal</colorMode>
                <width>2</width>
            </LineStyle>
        </Style>
        <Style id="2363">
            <LineStyle id="2364">
                <color>ff0000ff</color>
                <colorMode>normal</colorMode>
                <width>2</width>
            </LineStyle>
        </Style>
        <Style id="2367">
            <LineStyle id="2368">
                <color>ff008000</color>
                <colorMode>normal</colorMode>
                <width>2</width>
            </LineStyle>
        </Style>
        <Style id="2371">
            <LineStyle id="2372">
                <color>ff0000ff</color>
                <colorMode>normal</colorMode>
                <width>2</width>
            </LineStyle>
        </Style>
        <Style id="2375">
            <LineStyle id="2376">
                <color>ff008000</color>
                <colorMode>normal</colorMode>
                <width>2</width>
            </LineStyle>
        </Style>
        <Style id="2379">
            <LineStyle id="2380">
                <color>ff008000</color>
                <colorMode>normal</colorMode>
                <width>2</width>
            </LineStyle>
        </Style>
        <Style id="2383">
            <LineStyle id="2384">
                <color>ff008000</color>
                <colorMode>normal</colorMode>
                <width>2</width>
            </LineStyle>
        </Style>
        <Style id="2387">
            <LineStyle id="2388">
                <color>ff0000ff</color>
                <colorMode>normal</colorMode>
                <width>2</width>
            </LineStyle>
        </Style>
        <Style id="2391">
            <LineStyle id="2392">
                <color>ff008000</color>
                <colorMode>normal</colorMode>
                <width>2</width>
            </LineStyle>
        </Style>
        <Style id="2395">
            <LineStyle id="2396">
                <color>ff008000</color>
                <colorMode>normal</colorMode>
                <width>2</width>
            </LineStyle>
        </Style>
        <Style id="2399">
            <LineStyle id="2400">
                <color>ff0000ff</color>
                <colorMode>normal</colorMode>
                <width>2</width>
            </LineStyle>
        </Style>
        <Style id="2403">
            <LineStyle id="2404">
                <color>ff0000ff</color>
                <colorMode>normal</colorMode>
                <width>2</width>
            </LineStyle>
        </Style>
        <Style id="2407">
            <LineStyle id="2408">
                <color>ff008000</color>
                <colorMode>normal</colorMode>
                <width>2</width>
            </LineStyle>
        </Style>
        <Style id="2411">
            <LineStyle id="2412">
                <color>ff008000</color>
                <colorMode>normal</colorMode>
                <width>2</width>
            </LineStyle>
        </Style>
        <Style id="2415">
            <LineStyle id="2416">
                <color>ff008000</color>
                <colorMode>normal</colorMode>
                <width>2</width>
            </LineStyle>
        </Style>
        <Style id="2419">
            <LineStyle id="2420">
                <color>ff008000</color>
                <colorMode>normal</colorMode>
                <width>2</width>
            </LineStyle>
        </Style>
        <Style id="2423">
            <LineStyle id="2424">
                <color>ff0000ff</color>
                <colorMode>normal</colorMode>
                <width>2</width>
            </LineStyle>
        </Style>
        <Style id="2427">
            <LineStyle id="2428">
                <color>ff0000ff</color>
                <colorMode>normal</colorMode>
                <width>2</width>
            </LineStyle>
        </Style>
        <Style id="2431">
            <LineStyle id="2432">
                <color>ff008000</color>
                <colorMode>normal</colorMode>
                <width>2</width>
            </LineStyle>
        </Style>
        <Style id="2435">
            <LineStyle id="2436">
                <color>ff008000</color>
                <colorMode>normal</colorMode>
                <width>2</width>
            </LineStyle>
        </Style>
        <Style id="2439">
            <LineStyle id="2440">
                <color>ff0000ff</color>
                <colorMode>normal</colorMode>
                <width>2</width>
            </LineStyle>
        </Style>
        <Style id="2443">
            <LineStyle id="2444">
                <color>ff008000</color>
                <colorMode>normal</colorMode>
                <width>2</width>
            </LineStyle>
        </Style>
        <Style id="2447">
            <LineStyle id="2448">
                <color>ff0000ff</color>
                <colorMode>normal</colorMode>
                <width>2</width>
            </LineStyle>
        </Style>
        <Style id="2451">
            <LineStyle id="2452">
                <color>ff008000</color>
                <colorMode>normal</colorMode>
                <width>2</width>
            </LineStyle>
        </Style>
        <Style id="2455">
            <LineStyle id="2456">
                <color>ff008000</color>
                <colorMode>normal</colorMode>
                <width>2</width>
            </LineStyle>
        </Style>
        <Style id="2459">
            <LineStyle id="2460">
                <color>ff008000</color>
                <colorMode>normal</colorMode>
                <width>2</width>
            </LineStyle>
        </Style>
        <Style id="2463">
            <LineStyle id="2464">
                <color>ff0000ff</color>
                <colorMode>normal</colorMode>
                <width>2</width>
            </LineStyle>
        </Style>
        <Style id="2467">
            <LineStyle id="2468">
                <color>ff008000</color>
                <colorMode>normal</colorMode>
                <width>2</width>
            </LineStyle>
        </Style>
        <Style id="2471">
            <LineStyle id="2472">
                <color>ff008000</color>
                <colorMode>normal</colorMode>
                <width>2</width>
            </LineStyle>
        </Style>
        <Style id="2475">
            <LineStyle id="2476">
                <color>ff008000</color>
                <colorMode>normal</colorMode>
                <width>2</width>
            </LineStyle>
        </Style>
        <Style id="2479">
            <LineStyle id="2480">
                <color>ff008000</color>
                <colorMode>normal</colorMode>
                <width>2</width>
            </LineStyle>
        </Style>
        <Style id="2483">
            <LineStyle id="2484">
                <color>ff0000ff</color>
                <colorMode>normal</colorMode>
                <width>2</width>
            </LineStyle>
        </Style>
        <Style id="2487">
            <LineStyle id="2488">
                <color>ff008000</color>
                <colorMode>normal</colorMode>
                <width>2</width>
            </LineStyle>
        </Style>
        <Style id="2491">
            <LineStyle id="2492">
                <color>ff0000ff</color>
                <colorMode>normal</colorMode>
                <width>2</width>
            </LineStyle>
        </Style>
        <Style id="2495">
            <LineStyle id="2496">
                <color>ff008000</color>
                <colorMode>normal</colorMode>
                <width>2</width>
            </LineStyle>
        </Style>
        <Style id="2499">
            <LineStyle id="2500">
                <color>ff008000</color>
                <colorMode>normal</colorMode>
                <width>2</width>
            </LineStyle>
        </Style>
        <Style id="2503">
            <LineStyle id="2504">
                <color>ff008000</color>
                <colorMode>normal</colorMode>
                <width>2</width>
            </LineStyle>
        </Style>
        <Style id="2507">
            <LineStyle id="2508">
                <color>ff008000</color>
                <colorMode>normal</colorMode>
                <width>2</width>
            </LineStyle>
        </Style>
        <Style id="2511">
            <LineStyle id="2512">
                <color>ff008000</color>
                <colorMode>normal</colorMode>
                <width>2</width>
            </LineStyle>
        </Style>
        <Style id="2515">
            <LineStyle id="2516">
                <color>ff008000</color>
                <colorMode>normal</colorMode>
                <width>2</width>
            </LineStyle>
        </Style>
        <Style id="2519">
            <LineStyle id="2520">
                <color>ff008000</color>
                <colorMode>normal</colorMode>
                <width>2</width>
            </LineStyle>
        </Style>
        <Style id="2523">
            <LineStyle id="2524">
                <color>ff008000</color>
                <colorMode>normal</colorMode>
                <width>2</width>
            </LineStyle>
        </Style>
        <Style id="2527">
            <LineStyle id="2528">
                <color>ff008000</color>
                <colorMode>normal</colorMode>
                <width>2</width>
            </LineStyle>
        </Style>
        <Style id="2531">
            <LineStyle id="2532">
                <color>ff008000</color>
                <colorMode>normal</colorMode>
                <width>2</width>
            </LineStyle>
        </Style>
        <Style id="2535">
            <LineStyle id="2536">
                <color>ff0000ff</color>
                <colorMode>normal</colorMode>
                <width>2</width>
            </LineStyle>
        </Style>
        <Style id="2539">
            <LineStyle id="2540">
                <color>ff0000ff</color>
                <colorMode>normal</colorMode>
                <width>2</width>
            </LineStyle>
        </Style>
        <Style id="2543">
            <LineStyle id="2544">
                <color>ff008000</color>
                <colorMode>normal</colorMode>
                <width>2</width>
            </LineStyle>
        </Style>
        <Style id="2547">
            <LineStyle id="2548">
                <color>ff008000</color>
                <colorMode>normal</colorMode>
                <width>2</width>
            </LineStyle>
        </Style>
        <Style id="2551">
            <LineStyle id="2552">
                <color>ff0000ff</color>
                <colorMode>normal</colorMode>
                <width>2</width>
            </LineStyle>
        </Style>
        <Style id="2555">
            <LineStyle id="2556">
                <color>ff008000</color>
                <colorMode>normal</colorMode>
                <width>2</width>
            </LineStyle>
        </Style>
        <Style id="2559">
            <LineStyle id="2560">
                <color>ff008000</color>
                <colorMode>normal</colorMode>
                <width>2</width>
            </LineStyle>
        </Style>
        <Style id="2563">
            <LineStyle id="2564">
                <color>ff0000ff</color>
                <colorMode>normal</colorMode>
                <width>2</width>
            </LineStyle>
        </Style>
        <Style id="2567">
            <LineStyle id="2568">
                <color>ff008000</color>
                <colorMode>normal</colorMode>
                <width>2</width>
            </LineStyle>
        </Style>
        <Style id="2571">
            <LineStyle id="2572">
                <color>ff008000</color>
                <colorMode>normal</colorMode>
                <width>2</width>
            </LineStyle>
        </Style>
        <Style id="2575">
            <LineStyle id="2576">
                <color>ff008000</color>
                <colorMode>normal</colorMode>
                <width>2</width>
            </LineStyle>
        </Style>
        <Style id="2579">
            <LineStyle id="2580">
                <color>ff008000</color>
                <colorMode>normal</colorMode>
                <width>2</width>
            </LineStyle>
        </Style>
        <Style id="2583">
            <LineStyle id="2584">
                <color>ff008000</color>
                <colorMode>normal</colorMode>
                <width>2</width>
            </LineStyle>
        </Style>
        <Style id="2587">
            <LineStyle id="2588">
                <color>ff008000</color>
                <colorMode>normal</colorMode>
                <width>2</width>
            </LineStyle>
        </Style>
        <Style id="2591">
            <LineStyle id="2592">
                <color>ff008000</color>
                <colorMode>normal</colorMode>
                <width>2</width>
            </LineStyle>
        </Style>
        <Style id="2595">
            <LineStyle id="2596">
                <color>ff008000</color>
                <colorMode>normal</colorMode>
                <width>2</width>
            </LineStyle>
        </Style>
        <Style id="2599">
            <LineStyle id="2600">
                <color>ff0000ff</color>
                <colorMode>normal</colorMode>
                <width>2</width>
            </LineStyle>
        </Style>
        <Style id="2603">
            <LineStyle id="2604">
                <color>ff0000ff</color>
                <colorMode>normal</colorMode>
                <width>2</width>
            </LineStyle>
        </Style>
        <Style id="2607">
            <LineStyle id="2608">
                <color>ff0000ff</color>
                <colorMode>normal</colorMode>
                <width>2</width>
            </LineStyle>
        </Style>
        <Style id="2611">
            <LineStyle id="2612">
                <color>ff008000</color>
                <colorMode>normal</colorMode>
                <width>2</width>
            </LineStyle>
        </Style>
        <Style id="2615">
            <LineStyle id="2616">
                <color>ff008000</color>
                <colorMode>normal</colorMode>
                <width>2</width>
            </LineStyle>
        </Style>
        <Style id="2619">
            <LineStyle id="2620">
                <color>ff008000</color>
                <colorMode>normal</colorMode>
                <width>2</width>
            </LineStyle>
        </Style>
        <Style id="2623">
            <LineStyle id="2624">
                <color>ff0000ff</color>
                <colorMode>normal</colorMode>
                <width>2</width>
            </LineStyle>
        </Style>
        <Style id="2627">
            <LineStyle id="2628">
                <color>ff008000</color>
                <colorMode>normal</colorMode>
                <width>2</width>
            </LineStyle>
        </Style>
        <Style id="2631">
            <LineStyle id="2632">
                <color>ff008000</color>
                <colorMode>normal</colorMode>
                <width>2</width>
            </LineStyle>
        </Style>
        <Style id="2635">
            <LineStyle id="2636">
                <color>ff008000</color>
                <colorMode>normal</colorMode>
                <width>2</width>
            </LineStyle>
        </Style>
        <Style id="2639">
            <LineStyle id="2640">
                <color>ff0000ff</color>
                <colorMode>normal</colorMode>
                <width>2</width>
            </LineStyle>
        </Style>
        <Style id="2643">
            <LineStyle id="2644">
                <color>ff008000</color>
                <colorMode>normal</colorMode>
                <width>2</width>
            </LineStyle>
        </Style>
        <Style id="2647">
            <LineStyle id="2648">
                <color>ff0000ff</color>
                <colorMode>normal</colorMode>
                <width>2</width>
            </LineStyle>
        </Style>
        <Style id="2651">
            <LineStyle id="2652">
                <color>ff008000</color>
                <colorMode>normal</colorMode>
                <width>2</width>
            </LineStyle>
        </Style>
        <Style id="2655">
            <LineStyle id="2656">
                <color>ff008000</color>
                <colorMode>normal</colorMode>
                <width>2</width>
            </LineStyle>
        </Style>
        <Style id="2659">
            <LineStyle id="2660">
                <color>ff008000</color>
                <colorMode>normal</colorMode>
                <width>2</width>
            </LineStyle>
        </Style>
        <Style id="2663">
            <LineStyle id="2664">
                <color>ff0000ff</color>
                <colorMode>normal</colorMode>
                <width>2</width>
            </LineStyle>
        </Style>
        <Style id="2667">
            <LineStyle id="2668">
                <color>ff008000</color>
                <colorMode>normal</colorMode>
                <width>2</width>
            </LineStyle>
        </Style>
        <Style id="2671">
            <LineStyle id="2672">
                <color>ff008000</color>
                <colorMode>normal</colorMode>
                <width>2</width>
            </LineStyle>
        </Style>
        <Style id="2675">
            <LineStyle id="2676">
                <color>ff008000</color>
                <colorMode>normal</colorMode>
                <width>2</width>
            </LineStyle>
        </Style>
        <Style id="2679">
            <LineStyle id="2680">
                <color>ff008000</color>
                <colorMode>normal</colorMode>
                <width>2</width>
            </LineStyle>
        </Style>
        <Style id="2683">
            <LineStyle id="2684">
                <color>ff008000</color>
                <colorMode>normal</colorMode>
                <width>2</width>
            </LineStyle>
        </Style>
        <Style id="2687">
            <LineStyle id="2688">
                <color>ff008000</color>
                <colorMode>normal</colorMode>
                <width>2</width>
            </LineStyle>
        </Style>
        <Style id="2691">
            <LineStyle id="2692">
                <color>ff008000</color>
                <colorMode>normal</colorMode>
                <width>2</width>
            </LineStyle>
        </Style>
        <Style id="2695">
            <LineStyle id="2696">
                <color>ff008000</color>
                <colorMode>normal</colorMode>
                <width>2</width>
            </LineStyle>
        </Style>
        <Style id="2699">
            <LineStyle id="2700">
                <color>ff0000ff</color>
                <colorMode>normal</colorMode>
                <width>2</width>
            </LineStyle>
        </Style>
        <Style id="2703">
            <LineStyle id="2704">
                <color>ff008000</color>
                <colorMode>normal</colorMode>
                <width>2</width>
            </LineStyle>
        </Style>
        <Style id="2707">
            <LineStyle id="2708">
                <color>ff008000</color>
                <colorMode>normal</colorMode>
                <width>2</width>
            </LineStyle>
        </Style>
        <Style id="2711">
            <LineStyle id="2712">
                <color>ff0000ff</color>
                <colorMode>normal</colorMode>
                <width>2</width>
            </LineStyle>
        </Style>
        <Style id="2715">
            <LineStyle id="2716">
                <color>ff008000</color>
                <colorMode>normal</colorMode>
                <width>2</width>
            </LineStyle>
        </Style>
        <Style id="2719">
            <LineStyle id="2720">
                <color>ff008000</color>
                <colorMode>normal</colorMode>
                <width>2</width>
            </LineStyle>
        </Style>
        <Style id="2723">
            <LineStyle id="2724">
                <color>ff008000</color>
                <colorMode>normal</colorMode>
                <width>2</width>
            </LineStyle>
        </Style>
        <Style id="2727">
            <LineStyle id="2728">
                <color>ff0000ff</color>
                <colorMode>normal</colorMode>
                <width>2</width>
            </LineStyle>
        </Style>
        <Style id="2731">
            <LineStyle id="2732">
                <color>ff008000</color>
                <colorMode>normal</colorMode>
                <width>2</width>
            </LineStyle>
        </Style>
        <Style id="2735">
            <LineStyle id="2736">
                <color>ff008000</color>
                <colorMode>normal</colorMode>
                <width>2</width>
            </LineStyle>
        </Style>
        <Style id="2739">
            <LineStyle id="2740">
                <color>ff008000</color>
                <colorMode>normal</colorMode>
                <width>2</width>
            </LineStyle>
        </Style>
        <Style id="2743">
            <LineStyle id="2744">
                <color>ff008000</color>
                <colorMode>normal</colorMode>
                <width>2</width>
            </LineStyle>
        </Style>
        <Style id="2747">
            <LineStyle id="2748">
                <color>ff008000</color>
                <colorMode>normal</colorMode>
                <width>2</width>
            </LineStyle>
        </Style>
        <Style id="2751">
            <LineStyle id="2752">
                <color>ff008000</color>
                <colorMode>normal</colorMode>
                <width>2</width>
            </LineStyle>
        </Style>
        <Style id="2755">
            <LineStyle id="2756">
                <color>ff008000</color>
                <colorMode>normal</colorMode>
                <width>2</width>
            </LineStyle>
        </Style>
        <Style id="2759">
            <LineStyle id="2760">
                <color>ff008000</color>
                <colorMode>normal</colorMode>
                <width>2</width>
            </LineStyle>
        </Style>
        <Style id="2763">
            <LineStyle id="2764">
                <color>ff008000</color>
                <colorMode>normal</colorMode>
                <width>2</width>
            </LineStyle>
        </Style>
        <Style id="2767">
            <LineStyle id="2768">
                <color>ff008000</color>
                <colorMode>normal</colorMode>
                <width>2</width>
            </LineStyle>
        </Style>
        <Style id="2771">
            <LineStyle id="2772">
                <color>ff008000</color>
                <colorMode>normal</colorMode>
                <width>2</width>
            </LineStyle>
        </Style>
        <Style id="2775">
            <LineStyle id="2776">
                <color>ff008000</color>
                <colorMode>normal</colorMode>
                <width>2</width>
            </LineStyle>
        </Style>
        <Style id="2779">
            <LineStyle id="2780">
                <color>ff008000</color>
                <colorMode>normal</colorMode>
                <width>2</width>
            </LineStyle>
        </Style>
        <Style id="2783">
            <LineStyle id="2784">
                <color>ff008000</color>
                <colorMode>normal</colorMode>
                <width>2</width>
            </LineStyle>
        </Style>
        <Style id="2787">
            <LineStyle id="2788">
                <color>ff008000</color>
                <colorMode>normal</colorMode>
                <width>2</width>
            </LineStyle>
        </Style>
        <Style id="2791">
            <LineStyle id="2792">
                <color>ff008000</color>
                <colorMode>normal</colorMode>
                <width>2</width>
            </LineStyle>
        </Style>
        <Style id="2795">
            <LineStyle id="2796">
                <color>ff0000ff</color>
                <colorMode>normal</colorMode>
                <width>2</width>
            </LineStyle>
        </Style>
        <Style id="2799">
            <LineStyle id="2800">
                <color>ff008000</color>
                <colorMode>normal</colorMode>
                <width>2</width>
            </LineStyle>
        </Style>
        <Style id="2803">
            <LineStyle id="2804">
                <color>ff008000</color>
                <colorMode>normal</colorMode>
                <width>2</width>
            </LineStyle>
        </Style>
        <Style id="2807">
            <LineStyle id="2808">
                <color>ff008000</color>
                <colorMode>normal</colorMode>
                <width>2</width>
            </LineStyle>
        </Style>
        <Style id="2811">
            <LineStyle id="2812">
                <color>ff008000</color>
                <colorMode>normal</colorMode>
                <width>2</width>
            </LineStyle>
        </Style>
        <Style id="2815">
            <LineStyle id="2816">
                <color>ff008000</color>
                <colorMode>normal</colorMode>
                <width>2</width>
            </LineStyle>
        </Style>
        <Style id="2819">
            <LineStyle id="2820">
                <color>ff008000</color>
                <colorMode>normal</colorMode>
                <width>2</width>
            </LineStyle>
        </Style>
        <Style id="2823">
            <LineStyle id="2824">
                <color>ff008000</color>
                <colorMode>normal</colorMode>
                <width>2</width>
            </LineStyle>
        </Style>
        <Style id="2827">
            <LineStyle id="2828">
                <color>ff008000</color>
                <colorMode>normal</colorMode>
                <width>2</width>
            </LineStyle>
        </Style>
        <Style id="2831">
            <LineStyle id="2832">
                <color>ff0000ff</color>
                <colorMode>normal</colorMode>
                <width>2</width>
            </LineStyle>
        </Style>
        <Style id="2835">
            <LineStyle id="2836">
                <color>ff0000ff</color>
                <colorMode>normal</colorMode>
                <width>2</width>
            </LineStyle>
        </Style>
        <Style id="2839">
            <LineStyle id="2840">
                <color>ff0000ff</color>
                <colorMode>normal</colorMode>
                <width>2</width>
            </LineStyle>
        </Style>
        <Style id="2843">
            <LineStyle id="2844">
                <color>ff008000</color>
                <colorMode>normal</colorMode>
                <width>2</width>
            </LineStyle>
        </Style>
        <Style id="2847">
            <LineStyle id="2848">
                <color>ff008000</color>
                <colorMode>normal</colorMode>
                <width>2</width>
            </LineStyle>
        </Style>
        <Style id="2851">
            <LineStyle id="2852">
                <color>ff008000</color>
                <colorMode>normal</colorMode>
                <width>2</width>
            </LineStyle>
        </Style>
        <Style id="2855">
            <LineStyle id="2856">
                <color>ff0000ff</color>
                <colorMode>normal</colorMode>
                <width>2</width>
            </LineStyle>
        </Style>
        <Style id="2859">
            <LineStyle id="2860">
                <color>ff008000</color>
                <colorMode>normal</colorMode>
                <width>2</width>
            </LineStyle>
        </Style>
        <Style id="2863">
            <LineStyle id="2864">
                <color>ff0000ff</color>
                <colorMode>normal</colorMode>
                <width>2</width>
            </LineStyle>
        </Style>
        <Style id="2867">
            <LineStyle id="2868">
                <color>ff008000</color>
                <colorMode>normal</colorMode>
                <width>2</width>
            </LineStyle>
        </Style>
        <Style id="2871">
            <LineStyle id="2872">
                <color>ff008000</color>
                <colorMode>normal</colorMode>
                <width>2</width>
            </LineStyle>
        </Style>
        <Style id="2875">
            <LineStyle id="2876">
                <color>ff008000</color>
                <colorMode>normal</colorMode>
                <width>2</width>
            </LineStyle>
        </Style>
        <Style id="2879">
            <LineStyle id="2880">
                <color>ff0000ff</color>
                <colorMode>normal</colorMode>
                <width>2</width>
            </LineStyle>
        </Style>
        <Style id="2883">
            <LineStyle id="2884">
                <color>ff008000</color>
                <colorMode>normal</colorMode>
                <width>2</width>
            </LineStyle>
        </Style>
        <Style id="2887">
            <LineStyle id="2888">
                <color>ff008000</color>
                <colorMode>normal</colorMode>
                <width>2</width>
            </LineStyle>
        </Style>
        <Placemark id="870">
            <name>ECMKV (VLG)</name>
            <description>De: LYBE
A: LEBL
Hora: 00:04</description>
            <styleUrl>#871</styleUrl>
            <LineString id="869">
                <coordinates>20.306944444444444,44.81944444444445,0.0 2.0833,41.2974,0.0</coordinates>
            </LineString>
        </Placemark>
        <Placemark id="874">
            <name>ECJGM (VLG)</name>
            <description>De: EGCC
A: LEBL
Hora: 00:05</description>
            <styleUrl>#875</styleUrl>
            <LineString id="873">
                <coordinates>-2.275,53.35388888888889,0.0 2.0833,41.2974,0.0</coordinates>
            </LineString>
        </Placemark>
        <Placemark id="878">
            <name>ECLOB (VLG)</name>
            <description>De: LMML
A: LEBL
Hora: 01:24</description>
            <styleUrl>#879</styleUrl>
            <LineString id="877">
                <coordinates>14.477500000000001,35.8575,0.0 2.0833,41.2974,0.0</coordinates>
            </LineString>
        </Placemark>
        <Placemark id="882">
            <name>ECLVC (VLG)</name>
            <description>De: LGTS
A: LEBL
Hora: 02:28</description>
            <styleUrl>#883</styleUrl>
            <LineString id="881">
                <coordinates>22.97083333333333,40.51972222222222,0.0 2.0833,41.2974,0.0</coordinates>
            </LineString>
        </Placemark>
        <Placemark id="886">
            <name>DALEC (BCS)</name>
            <description>De: EBBR
A: LEBL
Hora: 03:14</description>
            <styleUrl>#887</styleUrl>
            <LineString id="885">
                <coordinates>4.484444444444445,50.90138888888889,0.0 2.0833,41.2974,0.0</coordinates>
            </LineString>
        </Placemark>
        <Placemark id="890">
            <name>N327UP (UPS)</name>
            <description>De: EDDK
A: LEBL
Hora: 03:17</description>
            <styleUrl>#891</styleUrl>
            <LineString id="889">
                <coordinates>7.142777777777778,50.865833333333335,0.0 2.0833,41.2974,0.0</coordinates>
            </LineString>
        </Placemark>
        <Placemark id="894">
            <name>ECMKN (VLG)</name>
            <description>De: LGSR
A: LEBL
Hora: 03:36</description>
            <styleUrl>#895</styleUrl>
            <LineString id="893">
                <coordinates>25.479166666666664,36.399166666666666,0.0 2.0833,41.2974,0.0</coordinates>
            </LineString>
        </Placemark>
        <Placemark id="898">
            <name>DALEN (BCS)</name>
            <description>De: EDDP
A: LEBL
Hora: 03:38</description>
            <styleUrl>#899</styleUrl>
            <LineString id="897">
                <coordinates>12.236388888888888,51.42388888888889,0.0 2.0833,41.2974,0.0</coordinates>
            </LineString>
        </Placemark>
        <Placemark id="902">
            <name>ECMKT (VLG)</name>
            <description>De: LGAV
A: LEBL
Hora: 03:44</description>
            <styleUrl>#903</styleUrl>
            <LineString id="901">
                <coordinates>23.944444444444446,37.93666666666666,0.0 2.0833,41.2974,0.0</coordinates>
            </LineString>
        </Placemark>
        <Placemark id="906">
            <name>N920FD (FDX)</name>
            <description>De: LFPG
A: LEBL
Hora: 03:59</description>
            <styleUrl>#907</styleUrl>
            <LineString id="905">
                <coordinates>2.5477777777777777,49.00972222222222,0.0 2.0833,41.2974,0.0</coordinates>
            </LineString>
        </Placemark>
        <Placemark id="910">
            <name>OEIBZ (TAY)</name>
            <description>De: EBLG
A: LEBL
Hora: 04:16</description>
            <styleUrl>#911</styleUrl>
            <LineString id="909">
                <coordinates>5.442777777777778,50.63638888888889,0.0 2.0833,41.2974,0.0</coordinates>
            </LineString>
        </Placemark>
        <Placemark id="914">
            <name>EIDPG (RYR)</name>
            <description>De: LEPA
A: LEBL
Hora: 04:57</description>
            <styleUrl>#915</styleUrl>
            <LineString id="913">
                <coordinates>2.738888888888889,39.55166666666666,0.0 2.0833,41.2974,0.0</coordinates>
            </LineString>
        </Placemark>
        <Placemark id="918">
            <name>ECLTG (LAV)</name>
            <description>De: LEPA
A: LEBL
Hora: 05:05</description>
            <styleUrl>#919</styleUrl>
            <LineString id="917">
                <coordinates>2.738888888888889,39.55166666666666,0.0 2.0833,41.2974,0.0</coordinates>
            </LineString>
        </Placemark>
        <Placemark id="922">
            <name>N761AJ (AAL)</name>
            <description>De: KJFK
A: LEBL
Hora: 05:06</description>
            <styleUrl>#923</styleUrl>
            <LineString id="921">
                <coordinates>-73.77833333333334,40.640277777777776,0.0 2.0833,41.2974,0.0</coordinates>
            </LineString>
        </Placemark>
        <Placemark id="926">
            <name>EIFJP (IBK)</name>
            <description>De: LEPA
A: LEBL
Hora: 05:09</description>
            <styleUrl>#927</styleUrl>
            <LineString id="925">
                <coordinates>2.738888888888889,39.55166666666666,0.0 2.0833,41.2974,0.0</coordinates>
            </LineString>
        </Placemark>
        <Placemark id="930">
            <name>ECKRH (VLG)</name>
            <description>De: LROP
A: LEBL
Hora: 05:12</description>
            <styleUrl>#931</styleUrl>
            <LineString id="929">
                <coordinates>26.084999999999997,44.571111111111115,0.0 2.0833,41.2974,0.0</coordinates>
            </LineString>
        </Placemark>
        <Placemark id="934">
            <name>ECLVV (VLG)</name>
            <description>De: LEPA
A: LEBL
Hora: 05:38</description>
            <styleUrl>#935</styleUrl>
            <LineString id="933">
                <coordinates>2.738888888888889,39.55166666666666,0.0 2.0833,41.2974,0.0</coordinates>
            </LineString>
        </Placemark>
        <Placemark id="938">
            <name>ECLYB (AEA)</name>
            <description>De: LEMH
A: LEBL
Hora: 05:43</description>
            <styleUrl>#939</styleUrl>
            <LineString id="937">
                <coordinates>4.2186111111111115,39.862500000000004,0.0 2.0833,41.2974,0.0</coordinates>
            </LineString>
        </Placemark>
        <Placemark id="942">
            <name>ECLXV (AEA)</name>
            <description>De: LEPA
A: LEBL
Hora: 05:47</description>
            <styleUrl>#943</styleUrl>
            <LineString id="941">
                <coordinates>2.738888888888889,39.55166666666666,0.0 2.0833,41.2974,0.0</coordinates>
            </LineString>
        </Placemark>
        <Placemark id="946">
            <name>PHXRD (TRA)</name>
            <description>De: EHAM
A: LEBL
Hora: 05:49</description>
            <styleUrl>#947</styleUrl>
            <LineString id="945">
                <coordinates>4.764166666666667,52.308055555555555,0.0 2.0833,41.2974,0.0</coordinates>
            </LineString>
        </Placemark>
        <Placemark id="950">
            <name>ECMAI (VLG)</name>
            <description>De: BIKF
A: LEBL
Hora: 05:50</description>
            <styleUrl>#951</styleUrl>
            <LineString id="949">
                <coordinates>-22.605555555555558,63.985,0.0 2.0833,41.2974,0.0</coordinates>
            </LineString>
        </Placemark>
        <Placemark id="954">
            <name>GRAJG (JAF)</name>
            <description>De: EBOS
A: LEBL
Hora: 05:57</description>
            <styleUrl>#955</styleUrl>
            <LineString id="953">
                <coordinates>2.8622222222222224,51.19888888888889,0.0 2.0833,41.2974,0.0</coordinates>
            </LineString>
        </Placemark>
        <Placemark id="958">
            <name>GEZWE (EZY)</name>
            <description>De: LIMC
A: LEBL
Hora: 05:59</description>
            <styleUrl>#959</styleUrl>
            <LineString id="957">
                <coordinates>8.723055555555556,45.63,0.0 2.0833,41.2974,0.0</coordinates>
            </LineString>
        </Placemark>
        <Placemark id="962">
            <name>EIFOG (RYR)</name>
            <description>De: LEZL
A: LEBL
Hora: 06:00</description>
            <styleUrl>#963</styleUrl>
            <LineString id="961">
                <coordinates>-5.898888888888888,37.418055555555554,0.0 2.0833,41.2974,0.0</coordinates>
            </LineString>
        </Placemark>
        <Placemark id="966">
            <name>DAIQE (GWI)</name>
            <description>De: EDDS
A: LEBL
Hora: 06:09</description>
            <styleUrl>#967</styleUrl>
            <LineString id="965">
                <coordinates>9.221944444444444,48.69,0.0 2.0833,41.2974,0.0</coordinates>
            </LineString>
        </Placemark>
        <Placemark id="970">
            <name>OOJEM (JAF)</name>
            <description>De: EBAW
A: LEBL
Hora: 06:13</description>
            <styleUrl>#971</styleUrl>
            <LineString id="969">
                <coordinates>4.460277777777778,51.18944444444444,0.0 2.0833,41.2974,0.0</coordinates>
            </LineString>
        </Placemark>
        <Placemark id="974">
            <name>ECLZZ (VLG)</name>
            <description>De: URKK
A: LEBL
Hora: 06:15</description>
            <styleUrl>#975</styleUrl>
            <LineString id="973">
                <coordinates>39.169999999999995,45.03472222222222,0.0 2.0833,41.2974,0.0</coordinates>
            </LineString>
        </Placemark>
        <Placemark id="978">
            <name>HALXH (WZZ)</name>
            <description>De: LHBP
A: LEBL
Hora: 06:18</description>
            <styleUrl>#979</styleUrl>
            <LineString id="977">
                <coordinates>19.261944444444445,47.43944444444444,0.0 2.0833,41.2974,0.0</coordinates>
            </LineString>
        </Placemark>
        <Placemark id="982">
            <name>GEZAT (EZY)</name>
            <description>De: LFLL
A: LEBL
Hora: 06:20</description>
            <styleUrl>#983</styleUrl>
            <LineString id="981">
                <coordinates>5.0811111111111105,45.72555555555556,0.0 2.0833,41.2974,0.0</coordinates>
            </LineString>
        </Placemark>
        <Placemark id="986">
            <name>ECMBS (VLG)</name>
            <description>De: LEZL
A: LEBL
Hora: 06:21</description>
            <styleUrl>#987</styleUrl>
            <LineString id="985">
                <coordinates>-5.898888888888888,37.418055555555554,0.0 2.0833,41.2974,0.0</coordinates>
            </LineString>
        </Placemark>
        <Placemark id="990">
            <name>ECJYX (VLG)</name>
            <description>De: LECO
A: LEBL
Hora: 06:23</description>
            <styleUrl>#991</styleUrl>
            <LineString id="989">
                <coordinates>-8.377222222222223,43.301944444444445,0.0 2.0833,41.2974,0.0</coordinates>
            </LineString>
        </Placemark>
        <Placemark id="994">
            <name>DAEBP (DLH)</name>
            <description>De: EDDM
A: LEBL
Hora: 06:24</description>
            <styleUrl>#995</styleUrl>
            <LineString id="993">
                <coordinates>11.786111111111111,48.35388888888889,0.0 2.0833,41.2974,0.0</coordinates>
            </LineString>
        </Placemark>
        <Placemark id="998">
            <name>OOSSW (BEL)</name>
            <description>De: EBBR
A: LEBL
Hora: 06:26</description>
            <styleUrl>#999</styleUrl>
            <LineString id="997">
                <coordinates>4.484444444444445,50.90138888888889,0.0 2.0833,41.2974,0.0</coordinates>
            </LineString>
        </Placemark>
        <Placemark id="1002">
            <name>VQBTN (ABG)</name>
            <description>De: UUEE
A: LEBL
Hora: 06:28</description>
            <styleUrl>#1003</styleUrl>
            <LineString id="1001">
                <coordinates>37.41305555555555,55.972500000000004,0.0 2.0833,41.2974,0.0</coordinates>
            </LineString>
        </Placemark>
        <Placemark id="1006">
            <name>OHLZD (FIN)</name>
            <description>De: EFHK
A: LEBL
Hora: 06:30</description>
            <styleUrl>#1007</styleUrl>
            <LineString id="1005">
                <coordinates>24.96333333333333,60.31722222222223,0.0 2.0833,41.2974,0.0</coordinates>
            </LineString>
        </Placemark>
        <Placemark id="1010">
            <name>DABZA (BER)</name>
            <description>De: EDDL
A: LEBL
Hora: 06:33</description>
            <styleUrl>#1011</styleUrl>
            <LineString id="1009">
                <coordinates>6.7572222222222225,51.280833333333334,0.0 2.0833,41.2974,0.0</coordinates>
            </LineString>
        </Placemark>
        <Placemark id="1014">
            <name>N823NW (DAL)</name>
            <description>De: KATL
A: LEBL
Hora: 06:37</description>
            <styleUrl>#1015</styleUrl>
            <LineString id="1013">
                <coordinates>-84.43333333333334,33.63333333333333,0.0 2.0833,41.2974,0.0</coordinates>
            </LineString>
        </Placemark>
        <Placemark id="1018">
            <name>ECMAH (VLG)</name>
            <description>De: LIRF
A: LEBL
Hora: 06:41</description>
            <styleUrl>#1019</styleUrl>
            <LineString id="1017">
                <coordinates>12.238888888888889,41.80027777777777,0.0 2.0833,41.2974,0.0</coordinates>
            </LineString>
        </Placemark>
        <Placemark id="1022">
            <name>EIENM (RYR)</name>
            <description>De: EDDB
A: LEBL
Hora: 06:42</description>
            <styleUrl>#1023</styleUrl>
            <LineString id="1021">
                <coordinates>13.500555555555556,52.36222222222222,0.0 2.0833,41.2974,0.0</coordinates>
            </LineString>
        </Placemark>
        <Placemark id="1026">
            <name>ECMBT (VLG)</name>
            <description>De: LEAS
A: LEBL
Hora: 06:44</description>
            <styleUrl>#1027</styleUrl>
            <LineString id="1025">
                <coordinates>-6.034722222222222,43.56361111111111,0.0 2.0833,41.2974,0.0</coordinates>
            </LineString>
        </Placemark>
        <Placemark id="1030">
            <name>ECJQZ (IBE)</name>
            <description>De: LEMD
A: LEBL
Hora: 06:45</description>
            <styleUrl>#1031</styleUrl>
            <LineString id="1029">
                <coordinates>-3.560833333333333,40.47222222222222,0.0 2.0833,41.2974,0.0</coordinates>
            </LineString>
        </Placemark>
        <Placemark id="1034">
            <name>HBIOK (SWR)</name>
            <description>De: LSZH
A: LEBL
Hora: 06:47</description>
            <styleUrl>#1035</styleUrl>
            <LineString id="1033">
                <coordinates>8.548055555555555,47.45805555555556,0.0 2.0833,41.2974,0.0</coordinates>
            </LineString>
        </Placemark>
        <Placemark id="1038">
            <name>ECMEA (VLG)</name>
            <description>De: ULLI
A: LEBL
Hora: 06:48</description>
            <styleUrl>#1039</styleUrl>
            <LineString id="1037">
                <coordinates>30.2625,59.80027777777777,0.0 2.0833,41.2974,0.0</coordinates>
            </LineString>
        </Placemark>
        <Placemark id="1042">
            <name>ECLZN (VLG)</name>
            <description>De: LGMK
A: LEBL
Hora: 06:50</description>
            <styleUrl>#1043</styleUrl>
            <LineString id="1041">
                <coordinates>25.34722222222222,37.43722222222222,0.0 2.0833,41.2974,0.0</coordinates>
            </LineString>
        </Placemark>
        <Placemark id="1046">
            <name>ECMLM (VLG)</name>
            <description>De: LFPO
A: LEBL
Hora: 06:51</description>
            <styleUrl>#1047</styleUrl>
            <LineString id="1045">
                <coordinates>2.3794444444444447,48.723333333333336,0.0 2.0833,41.2974,0.0</coordinates>
            </LineString>
        </Placemark>
        <Placemark id="1050">
            <name>DAGWT (GWI)</name>
            <description>De: EDDV
A: LEBL
Hora: 06:53</description>
            <styleUrl>#1051</styleUrl>
            <LineString id="1049">
                <coordinates>9.68361111111111,52.46027777777778,0.0 2.0833,41.2974,0.0</coordinates>
            </LineString>
        </Placemark>
        <Placemark id="1054">
            <name>ECJQQ (AEA)</name>
            <description>De: LEMD
A: LEBL
Hora: 06:55</description>
            <styleUrl>#1055</styleUrl>
            <LineString id="1053">
                <coordinates>-3.560833333333333,40.47222222222222,0.0 2.0833,41.2974,0.0</coordinates>
            </LineString>
        </Placemark>
        <Placemark id="1058">
            <name>PHHSK (TRA)</name>
            <description>De: EHEH
A: LEBL
Hora: 06:57</description>
            <styleUrl>#1059</styleUrl>
            <LineString id="1057">
                <coordinates>5.374444444444444,51.45,0.0 2.0833,41.2974,0.0</coordinates>
            </LineString>
        </Placemark>
        <Placemark id="1062">
            <name>ECMGE (VLG)</name>
            <description>De: UUDD
A: LEBL
Hora: 06:58</description>
            <styleUrl>#1063</styleUrl>
            <LineString id="1061">
                <coordinates>37.906388888888884,55.40861111111111,0.0 2.0833,41.2974,0.0</coordinates>
            </LineString>
        </Placemark>
        <Placemark id="1066">
            <name>DAIPZ (GWI)</name>
            <description>De: EDDL
A: LEBL
Hora: 06:59</description>
            <styleUrl>#1067</styleUrl>
            <LineString id="1065">
                <coordinates>6.7572222222222225,51.280833333333334,0.0 2.0833,41.2974,0.0</coordinates>
            </LineString>
        </Placemark>
        <Placemark id="1070">
            <name>GEUUC (BAW)</name>
            <description>De: EGLL
A: LEBL
Hora: 07:01</description>
            <styleUrl>#1071</styleUrl>
            <LineString id="1069">
                <coordinates>-0.4613888888888889,51.4775,0.0 2.0833,41.2974,0.0</coordinates>
            </LineString>
        </Placemark>
        <Placemark id="1074">
            <name>ECMEQ (VLG)</name>
            <description>De: OLBA
A: LEBL
Hora: 07:03</description>
            <styleUrl>#1075</styleUrl>
            <LineString id="1073">
                <coordinates>35.49,33.81916666666667,0.0 2.0833,41.2974,0.0</coordinates>
            </LineString>
        </Placemark>
        <Placemark id="1078">
            <name>EIEKL (RYR)</name>
            <description>De: LPPR
A: LEBL
Hora: 07:05</description>
            <styleUrl>#1079</styleUrl>
            <LineString id="1077">
                <coordinates>-8.678055555555554,41.23555555555556,0.0 2.0833,41.2974,0.0</coordinates>
            </LineString>
        </Placemark>
        <Placemark id="1082">
            <name>ECLUL (IBE)</name>
            <description>De: LEMD
A: LEBL
Hora: 07:07</description>
            <styleUrl>#1083</styleUrl>
            <LineString id="1081">
                <coordinates>-3.560833333333333,40.47222222222222,0.0 2.0833,41.2974,0.0</coordinates>
            </LineString>
        </Placemark>
        <Placemark id="1086">
            <name>OELBR (AUA)</name>
            <description>De: LOWW
A: LEBL
Hora: 07:08</description>
            <styleUrl>#1087</styleUrl>
            <LineString id="1085">
                <coordinates>16.56972222222222,48.11027777777778,0.0 2.0833,41.2974,0.0</coordinates>
            </LineString>
        </Placemark>
        <Placemark id="1090">
            <name>N76054 (UAL)</name>
            <description>De: KEWR
A: LEBL
Hora: 07:10</description>
            <styleUrl>#1091</styleUrl>
            <LineString id="1089">
                <coordinates>-74.16833333333334,40.696666666666665,0.0 2.0833,41.2974,0.0</coordinates>
            </LineString>
        </Placemark>
        <Placemark id="1094">
            <name>EIFIY (RYR)</name>
            <description>De: LEIB
A: LEBL
Hora: 07:13</description>
            <styleUrl>#1095</styleUrl>
            <LineString id="1093">
                <coordinates>1.3730555555555557,38.87277777777778,0.0 2.0833,41.2974,0.0</coordinates>
            </LineString>
        </Placemark>
        <Placemark id="1098">
            <name>ECMFM (VLG)</name>
            <description>De: LEZL
A: LEBL
Hora: 07:14</description>
            <styleUrl>#1099</styleUrl>
            <LineString id="1097">
                <coordinates>-5.898888888888888,37.418055555555554,0.0 2.0833,41.2974,0.0</coordinates>
            </LineString>
        </Placemark>
        <Placemark id="1102">
            <name>9VSWD (SIA)</name>
            <description>De: SBGR
A: LEBL
Hora: 07:16</description>
            <styleUrl>#1103</styleUrl>
            <LineString id="1101">
                <coordinates>-46.47,-23.433333333333334,0.0 2.0833,41.2974,0.0</coordinates>
            </LineString>
        </Placemark>
        <Placemark id="1106">
            <name>FGTAZ (AFR)</name>
            <description>De: LFPG
A: LEBL
Hora: 07:19</description>
            <styleUrl>#1107</styleUrl>
            <LineString id="1105">
                <coordinates>2.5477777777777777,49.00972222222222,0.0 2.0833,41.2974,0.0</coordinates>
            </LineString>
        </Placemark>
        <Placemark id="1110">
            <name>OYKBP (SAS)</name>
            <description>De: EKCH
A: LEBL
Hora: 07:22</description>
            <styleUrl>#1111</styleUrl>
            <LineString id="1109">
                <coordinates>12.65611111111111,55.61805555555556,0.0 2.0833,41.2974,0.0</coordinates>
            </LineString>
        </Placemark>
        <Placemark id="1114">
            <name>ECMHA (VLG)</name>
            <description>De: LEPA
A: LEBL
Hora: 07:23</description>
            <styleUrl>#1115</styleUrl>
            <LineString id="1113">
                <coordinates>2.738888888888889,39.55166666666666,0.0 2.0833,41.2974,0.0</coordinates>
            </LineString>
        </Placemark>
        <Placemark id="1118">
            <name>DAGWI (GWI)</name>
            <description>De: EDDK
A: LEBL
Hora: 07:25</description>
            <styleUrl>#1119</styleUrl>
            <LineString id="1117">
                <coordinates>7.142777777777778,50.865833333333335,0.0 2.0833,41.2974,0.0</coordinates>
            </LineString>
        </Placemark>
        <Placemark id="1122">
            <name>ECLLJ (VLG)</name>
            <description>De: LEIB
A: LEBL
Hora: 07:26</description>
            <styleUrl>#1123</styleUrl>
            <LineString id="1121">
                <coordinates>1.3730555555555557,38.87277777777778,0.0 2.0833,41.2974,0.0</coordinates>
            </LineString>
        </Placemark>
        <Placemark id="1126">
            <name>ECMKV (VLG)</name>
            <description>De: LESO
A: LEBL
Hora: 07:28</description>
            <styleUrl>#1127</styleUrl>
            <LineString id="1125">
                <coordinates>-1.7905555555555555,43.35638888888889,0.0 2.0833,41.2974,0.0</coordinates>
            </LineString>
        </Placemark>
        <Placemark id="1130">
            <name>DAIDL (DLH)</name>
            <description>De: EDDF
A: LEBL
Hora: 07:28</description>
            <styleUrl>#1131</styleUrl>
            <LineString id="1129">
                <coordinates>8.570555555555556,50.03333333333333,0.0 2.0833,41.2974,0.0</coordinates>
            </LineString>
        </Placemark>
        <Placemark id="1134">
            <name>ECJTR (VLG)</name>
            <description>De: EHAM
A: LEBL
Hora: 07:30</description>
            <styleUrl>#1135</styleUrl>
            <LineString id="1133">
                <coordinates>4.764166666666667,52.308055555555555,0.0 2.0833,41.2974,0.0</coordinates>
            </LineString>
        </Placemark>
        <Placemark id="1138">
            <name>EIFRF (RYR)</name>
            <description>De: EIDW
A: LEBL
Hora: 07:32</description>
            <styleUrl>#1139</styleUrl>
            <LineString id="1137">
                <coordinates>-6.27,53.421388888888885,0.0 2.0833,41.2974,0.0</coordinates>
            </LineString>
        </Placemark>
        <Placemark id="1142">
            <name>GZBAI (MON)</name>
            <description>De: EGKK
A: LEBL
Hora: 07:34</description>
            <styleUrl>#1143</styleUrl>
            <LineString id="1141">
                <coordinates>-0.19027777777777777,51.14805555555556,0.0 2.0833,41.2974,0.0</coordinates>
            </LineString>
        </Placemark>
        <Placemark id="1146">
            <name>TCJNZ (THY)</name>
            <description>De: LTBA
A: LEBL
Hora: 07:36</description>
            <styleUrl>#1147</styleUrl>
            <LineString id="1145">
                <coordinates>28.81416666666667,40.976111111111116,0.0 2.0833,41.2974,0.0</coordinates>
            </LineString>
        </Placemark>
        <Placemark id="1150">
            <name>GEZDU (EZY)</name>
            <description>De: EDDB
A: LEBL
Hora: 07:38</description>
            <styleUrl>#1151</styleUrl>
            <LineString id="1149">
                <coordinates>13.500555555555556,52.36222222222222,0.0 2.0833,41.2974,0.0</coordinates>
            </LineString>
        </Placemark>
        <Placemark id="1154">
            <name>B5913 (CCA)</name>
            <description>De: LOWW
A: LEBL
Hora: 07:39</description>
            <styleUrl>#1155</styleUrl>
            <LineString id="1153">
                <coordinates>16.56972222222222,48.11027777777778,0.0 2.0833,41.2974,0.0</coordinates>
            </LineString>
        </Placemark>
        <Placemark id="1158">
            <name>OELED (NLY)</name>
            <description>De: LOWW
A: LEBL
Hora: 07:41</description>
            <styleUrl>#1159</styleUrl>
            <LineString id="1157">
                <coordinates>16.56972222222222,48.11027777777778,0.0 2.0833,41.2974,0.0</coordinates>
            </LineString>
        </Placemark>
        <Placemark id="1162">
            <name>GZBAH (MON)</name>
            <description>De: EGBB
A: LEBL
Hora: 07:43</description>
            <styleUrl>#1163</styleUrl>
            <LineString id="1161">
                <coordinates>-1.7480555555555557,52.45388888888889,0.0 2.0833,41.2974,0.0</coordinates>
            </LineString>
        </Placemark>
        <Placemark id="1166">
            <name>ECMHS (VLG)</name>
            <description>De: LPPT
A: LEBL
Hora: 07:44</description>
            <styleUrl>#1167</styleUrl>
            <LineString id="1165">
                <coordinates>-9.134166666666665,38.774166666666666,0.0 2.0833,41.2974,0.0</coordinates>
            </LineString>
        </Placemark>
        <Placemark id="1170">
            <name>ECLML (VLG)</name>
            <description>De: LEIB
A: LEBL
Hora: 07:46</description>
            <styleUrl>#1171</styleUrl>
            <LineString id="1169">
                <coordinates>1.3730555555555557,38.87277777777778,0.0 2.0833,41.2974,0.0</coordinates>
            </LineString>
        </Placemark>
        <Placemark id="1174">
            <name>EIDAM (RYR)</name>
            <description>De: LIME
A: LEBL
Hora: 07:48</description>
            <styleUrl>#1175</styleUrl>
            <LineString id="1173">
                <coordinates>9.700277777777776,45.66888888888889,0.0 2.0833,41.2974,0.0</coordinates>
            </LineString>
        </Placemark>
        <Placemark id="1178">
            <name>GEZTG (EZY)</name>
            <description>De: EGGD
A: LEBL
Hora: 07:50</description>
            <styleUrl>#1179</styleUrl>
            <LineString id="1177">
                <coordinates>-2.7191666666666667,51.382777777777775,0.0 2.0833,41.2974,0.0</coordinates>
            </LineString>
        </Placemark>
        <Placemark id="1182">
            <name>CSTTO (TAP)</name>
            <description>De: LPPT
A: LEBL
Hora: 07:52</description>
            <styleUrl>#1183</styleUrl>
            <LineString id="1181">
                <coordinates>-9.134166666666665,38.774166666666666,0.0 2.0833,41.2974,0.0</coordinates>
            </LineString>
        </Placemark>
        <Placemark id="1186">
            <name>GEZUM (EZY)</name>
            <description>De: LSGG
A: LEBL
Hora: 07:53</description>
            <styleUrl>#1187</styleUrl>
            <LineString id="1185">
                <coordinates>6.109444444444444,46.23833333333334,0.0 2.0833,41.2974,0.0</coordinates>
            </LineString>
        </Placemark>
        <Placemark id="1190">
            <name>EIDEJ (EIN)</name>
            <description>De: EIDW
A: LEBL
Hora: 07:55</description>
            <styleUrl>#1191</styleUrl>
            <LineString id="1189">
                <coordinates>-6.27,53.421388888888885,0.0 2.0833,41.2974,0.0</coordinates>
            </LineString>
        </Placemark>
        <Placemark id="1194">
            <name>ECMLE (VLG)</name>
            <description>De: LFRS
A: LEBL
Hora: 07:57</description>
            <styleUrl>#1195</styleUrl>
            <LineString id="1193">
                <coordinates>-1.607777777777778,47.15694444444444,0.0 2.0833,41.2974,0.0</coordinates>
            </LineString>
        </Placemark>
        <Placemark id="1198">
            <name>CGHLQ (ROU)</name>
            <description>De: CYUL
A: LEBL
Hora: 08:01</description>
            <styleUrl>#1199</styleUrl>
            <LineString id="1197">
                <coordinates>-73.74138888888889,45.46805555555556,0.0 2.0833,41.2974,0.0</coordinates>
            </LineString>
        </Placemark>
        <Placemark id="1202">
            <name>ECLZF (VLG)</name>
            <description>De: LEMH
A: LEBL
Hora: 08:05</description>
            <styleUrl>#1203</styleUrl>
            <LineString id="1201">
                <coordinates>4.2186111111111115,39.862500000000004,0.0 2.0833,41.2974,0.0</coordinates>
            </LineString>
        </Placemark>
        <Placemark id="1206">
            <name>CSDXZ (NJE)</name>
            <description>De: LFST
A: LEBL
Hora: 08:07</description>
            <styleUrl>#1207</styleUrl>
            <LineString id="1205">
                <coordinates>7.634444444444444,48.54194444444444,0.0 2.0833,41.2974,0.0</coordinates>
            </LineString>
        </Placemark>
        <Placemark id="1210">
            <name>GEZPC (EZY)</name>
            <description>De: EGGP
A: LEBL
Hora: 08:08</description>
            <styleUrl>#1211</styleUrl>
            <LineString id="1209">
                <coordinates>-2.8497222222222223,53.33361111111111,0.0 2.0833,41.2974,0.0</coordinates>
            </LineString>
        </Placemark>
        <Placemark id="1214">
            <name>PHBXF (KLM)</name>
            <description>De: EHAM
A: LEBL
Hora: 08:11</description>
            <styleUrl>#1215</styleUrl>
            <LineString id="1213">
                <coordinates>4.764166666666667,52.308055555555555,0.0 2.0833,41.2974,0.0</coordinates>
            </LineString>
        </Placemark>
        <Placemark id="1218">
            <name>EIEBK (RYR)</name>
            <description>De: EGCC
A: LEBL
Hora: 08:15</description>
            <styleUrl>#1219</styleUrl>
            <LineString id="1217">
                <coordinates>-2.275,53.35388888888889,0.0 2.0833,41.2974,0.0</coordinates>
            </LineString>
        </Placemark>
        <Placemark id="1222">
            <name>ECLVC (VLG)</name>
            <description>De: LEGR
A: LEBL
Hora: 08:16</description>
            <styleUrl>#1223</styleUrl>
            <LineString id="1221">
                <coordinates>-3.777222222222222,37.18861111111111,0.0 2.0833,41.2974,0.0</coordinates>
            </LineString>
        </Placemark>
        <Placemark id="1226">
            <name>EIDPM (RYR)</name>
            <description>De: EGPH
A: LEBL
Hora: 08:18</description>
            <styleUrl>#1227</styleUrl>
            <LineString id="1225">
                <coordinates>-3.3725,55.95,0.0 2.0833,41.2974,0.0</coordinates>
            </LineString>
        </Placemark>
        <Placemark id="1230">
            <name>ECMBK (VLG)</name>
            <description>De: UWKD
A: LEBL
Hora: 08:19</description>
            <styleUrl>#1231</styleUrl>
            <LineString id="1229">
                <coordinates>49.280277777777776,55.606944444444444,0.0 2.0833,41.2974,0.0</coordinates>
            </LineString>
        </Placemark>
        <Placemark id="1234">
            <name>ECLUN (VLG)</name>
            <description>De: DAAG
A: LEBL
Hora: 08:21</description>
            <styleUrl>#1235</styleUrl>
            <LineString id="1233">
                <coordinates>3.2144444444444447,36.693888888888885,0.0 2.0833,41.2974,0.0</coordinates>
            </LineString>
        </Placemark>
        <Placemark id="1238">
            <name>GEZBD (EZY)</name>
            <description>De: EGAA
A: LEBL
Hora: 08:26</description>
            <styleUrl>#1239</styleUrl>
            <LineString id="1237">
                <coordinates>-6.215833333333333,54.6575,0.0 2.0833,41.2974,0.0</coordinates>
            </LineString>
        </Placemark>
        <Placemark id="1242">
            <name>ECLRY (VLG)</name>
            <description>De: LEMD
A: LEBL
Hora: 08:27</description>
            <styleUrl>#1243</styleUrl>
            <LineString id="1241">
                <coordinates>-3.560833333333333,40.47222222222222,0.0 2.0833,41.2974,0.0</coordinates>
            </LineString>
        </Placemark>
        <Placemark id="1246">
            <name>EIEFW (RYR)</name>
            <description>De: LEST
A: LEBL
Hora: 08:29</description>
            <styleUrl>#1247</styleUrl>
            <LineString id="1245">
                <coordinates>-8.415277777777778,42.896388888888886,0.0 2.0833,41.2974,0.0</coordinates>
            </LineString>
        </Placemark>
        <Placemark id="1250">
            <name>EIDHP (RYR)</name>
            <description>De: EGBB
A: LEBL
Hora: 08:31</description>
            <styleUrl>#1251</styleUrl>
            <LineString id="1249">
                <coordinates>-1.7480555555555557,52.45388888888889,0.0 2.0833,41.2974,0.0</coordinates>
            </LineString>
        </Placemark>
        <Placemark id="1254">
            <name>ECLOB (VLG)</name>
            <description>De: LFMN
A: LEBL
Hora: 08:33</description>
            <styleUrl>#1255</styleUrl>
            <LineString id="1253">
                <coordinates>7.215,43.665277777777774,0.0 2.0833,41.2974,0.0</coordinates>
            </LineString>
        </Placemark>
        <Placemark id="1258">
            <name>EIDWK (RYR)</name>
            <description>De: EBBR
A: LEBL
Hora: 08:38</description>
            <styleUrl>#1259</styleUrl>
            <LineString id="1257">
                <coordinates>4.484444444444445,50.90138888888889,0.0 2.0833,41.2974,0.0</coordinates>
            </LineString>
        </Placemark>
        <Placemark id="1262">
            <name>YRBGI (ROT)</name>
            <description>De: LROP
A: LEBL
Hora: 08:40</description>
            <styleUrl>#1263</styleUrl>
            <LineString id="1261">
                <coordinates>26.084999999999997,44.571111111111115,0.0 2.0833,41.2974,0.0</coordinates>
            </LineString>
        </Placemark>
        <Placemark id="1266">
            <name>EIENO (RYR)</name>
            <description>De: LFOB
A: LEBL
Hora: 08:41</description>
            <styleUrl>#1267</styleUrl>
            <LineString id="1265">
                <coordinates>2.112777777777778,49.45444444444445,0.0 2.0833,41.2974,0.0</coordinates>
            </LineString>
        </Placemark>
        <Placemark id="1270">
            <name>YRBAP (BMS)</name>
            <description>De: LROP
A: LEBL
Hora: 08:43</description>
            <styleUrl>#1271</styleUrl>
            <LineString id="1269">
                <coordinates>26.084999999999997,44.571111111111115,0.0 2.0833,41.2974,0.0</coordinates>
            </LineString>
        </Placemark>
        <Placemark id="1274">
            <name>ECLUT (AEA)</name>
            <description>De: LLBG
A: LEBL
Hora: 08:45</description>
            <styleUrl>#1275</styleUrl>
            <LineString id="1273">
                <coordinates>34.885555555555555,32.00944444444445,0.0 2.0833,41.2974,0.0</coordinates>
            </LineString>
        </Placemark>
        <Placemark id="1278">
            <name>GEUUO (BAW)</name>
            <description>De: EGLL
A: LEBL
Hora: 08:46</description>
            <styleUrl>#1279</styleUrl>
            <LineString id="1277">
                <coordinates>-0.4613888888888889,51.4775,0.0 2.0833,41.2974,0.0</coordinates>
            </LineString>
        </Placemark>
        <Placemark id="1282">
            <name>N790AN (AAL)</name>
            <description>De: KMIA
A: LEBL
Hora: 08:48</description>
            <styleUrl>#1283</styleUrl>
            <LineString id="1281">
                <coordinates>-80.28333333333333,25.8,0.0 2.0833,41.2974,0.0</coordinates>
            </LineString>
        </Placemark>
        <Placemark id="1286">
            <name>GEZWN (EZY)</name>
            <description>De: EGKK
A: LEBL
Hora: 08:50</description>
            <styleUrl>#1287</styleUrl>
            <LineString id="1285">
                <coordinates>-0.19027777777777777,51.14805555555556,0.0 2.0833,41.2974,0.0</coordinates>
            </LineString>
        </Placemark>
        <Placemark id="1290">
            <name>SXDGQ (AEE)</name>
            <description>De: LGAV
A: LEBL
Hora: 08:51</description>
            <styleUrl>#1291</styleUrl>
            <LineString id="1289">
                <coordinates>23.944444444444446,37.93666666666666,0.0 2.0833,41.2974,0.0</coordinates>
            </LineString>
        </Placemark>
        <Placemark id="1294">
            <name>ECMMU (VLG)</name>
            <description>De: GCLP
A: LEBL
Hora: 08:53</description>
            <styleUrl>#1295</styleUrl>
            <LineString id="1293">
                <coordinates>-15.386666666666667,27.931944444444447,0.0 2.0833,41.2974,0.0</coordinates>
            </LineString>
        </Placemark>
        <Placemark id="1298">
            <name>LNRNO (SAS)</name>
            <description>De: ENGM
A: LEBL
Hora: 08:55</description>
            <styleUrl>#1299</styleUrl>
            <LineString id="1297">
                <coordinates>11.08388888888889,60.20277777777778,0.0 2.0833,41.2974,0.0</coordinates>
            </LineString>
        </Placemark>
        <Placemark id="1302">
            <name>ECHUH (IBE)</name>
            <description>De: LEMD
A: LEBL
Hora: 08:57</description>
            <styleUrl>#1303</styleUrl>
            <LineString id="1301">
                <coordinates>-3.560833333333333,40.47222222222222,0.0 2.0833,41.2974,0.0</coordinates>
            </LineString>
        </Placemark>
        <Placemark id="1306">
            <name>IBIXR (AZA)</name>
            <description>De: LIRF
A: LEBL
Hora: 09:00</description>
            <styleUrl>#1307</styleUrl>
            <LineString id="1305">
                <coordinates>12.238888888888889,41.80027777777777,0.0 2.0833,41.2974,0.0</coordinates>
            </LineString>
        </Placemark>
        <Placemark id="1310">
            <name>ECKMI (VLG)</name>
            <description>De: LEZL
A: LEBL
Hora: 09:02</description>
            <styleUrl>#1311</styleUrl>
            <LineString id="1309">
                <coordinates>-5.898888888888888,37.418055555555554,0.0 2.0833,41.2974,0.0</coordinates>
            </LineString>
        </Placemark>
        <Placemark id="1314">
            <name>GOZBE (MON)</name>
            <description>De: EGCC
A: LEBL
Hora: 09:03</description>
            <styleUrl>#1315</styleUrl>
            <LineString id="1313">
                <coordinates>-2.275,53.35388888888889,0.0 2.0833,41.2974,0.0</coordinates>
            </LineString>
        </Placemark>
        <Placemark id="1318">
            <name>SPLND (LOT)</name>
            <description>De: EPWA
A: LEBL
Hora: 09:04</description>
            <styleUrl>#1319</styleUrl>
            <LineString id="1317">
                <coordinates>20.96722222222222,52.16583333333333,0.0 2.0833,41.2974,0.0</coordinates>
            </LineString>
        </Placemark>
        <Placemark id="1322">
            <name>EIDAE (RYR)</name>
            <description>De: LIRF
A: LEBL
Hora: 09:05</description>
            <styleUrl>#1323</styleUrl>
            <LineString id="1321">
                <coordinates>12.238888888888889,41.80027777777777,0.0 2.0833,41.2974,0.0</coordinates>
            </LineString>
        </Placemark>
        <Placemark id="1326">
            <name>N290AY (AAL)</name>
            <description>De: KPHL
A: LEBL
Hora: 09:07</description>
            <styleUrl>#1327</styleUrl>
            <LineString id="1325">
                <coordinates>-75.245,39.87,0.0 2.0833,41.2974,0.0</coordinates>
            </LineString>
        </Placemark>
        <Placemark id="1330">
            <name>VQBHK (AFL)</name>
            <description>De: UUEE
A: LEBL
Hora: 09:10</description>
            <styleUrl>#1331</styleUrl>
            <LineString id="1329">
                <coordinates>37.41305555555555,55.972500000000004,0.0 2.0833,41.2974,0.0</coordinates>
            </LineString>
        </Placemark>
        <Placemark id="1334">
            <name>ECKLT (VLG)</name>
            <description>De: LEMD
A: LEBL
Hora: 09:11</description>
            <styleUrl>#1335</styleUrl>
            <LineString id="1333">
                <coordinates>-3.560833333333333,40.47222222222222,0.0 2.0833,41.2974,0.0</coordinates>
            </LineString>
        </Placemark>
        <Placemark id="1338">
            <name>ECMMH (VLG)</name>
            <description>De: GCXO
A: LEBL
Hora: 09:13</description>
            <styleUrl>#1339</styleUrl>
            <LineString id="1337">
                <coordinates>-16.341666666666665,28.482777777777777,0.0 2.0833,41.2974,0.0</coordinates>
            </LineString>
        </Placemark>
        <Placemark id="1342">
            <name>ECMHB (VLG)</name>
            <description>De: LFPO
A: LEBL
Hora: 09:14</description>
            <styleUrl>#1343</styleUrl>
            <LineString id="1341">
                <coordinates>2.3794444444444447,48.723333333333336,0.0 2.0833,41.2974,0.0</coordinates>
            </LineString>
        </Placemark>
        <Placemark id="1346">
            <name>ECLXV (AEA)</name>
            <description>De: LEPA
A: LEBL
Hora: 09:15</description>
            <styleUrl>#1347</styleUrl>
            <LineString id="1345">
                <coordinates>2.738888888888889,39.55166666666666,0.0 2.0833,41.2974,0.0</coordinates>
            </LineString>
        </Placemark>
        <Placemark id="1350">
            <name>VPBWG (SDM)</name>
            <description>De: ULLI
A: LEBL
Hora: 09:17</description>
            <styleUrl>#1351</styleUrl>
            <LineString id="1349">
                <coordinates>30.2625,59.80027777777777,0.0 2.0833,41.2974,0.0</coordinates>
            </LineString>
        </Placemark>
        <Placemark id="1354">
            <name>ECMBY (VLG)</name>
            <description>De: LDZA
A: LEBL
Hora: 09:18</description>
            <styleUrl>#1355</styleUrl>
            <LineString id="1353">
                <coordinates>16.06888888888889,45.74305555555556,0.0 2.0833,41.2974,0.0</coordinates>
            </LineString>
        </Placemark>
        <Placemark id="1358">
            <name>DAIDF (DLH)</name>
            <description>De: EDDM
A: LEBL
Hora: 09:20</description>
            <styleUrl>#1359</styleUrl>
            <LineString id="1357">
                <coordinates>11.786111111111111,48.35388888888889,0.0 2.0833,41.2974,0.0</coordinates>
            </LineString>
        </Placemark>
        <Placemark id="1362">
            <name>EIDCJ (RYR)</name>
            <description>De: EGSS
A: LEBL
Hora: 09:22</description>
            <styleUrl>#1363</styleUrl>
            <LineString id="1361">
                <coordinates>0.23500000000000001,51.885,0.0 2.0833,41.2974,0.0</coordinates>
            </LineString>
        </Placemark>
        <Placemark id="1366">
            <name>ECMKN (VLG)</name>
            <description>De: LSGG
A: LEBL
Hora: 09:24</description>
            <styleUrl>#1367</styleUrl>
            <LineString id="1365">
                <coordinates>6.109444444444444,46.23833333333334,0.0 2.0833,41.2974,0.0</coordinates>
            </LineString>
        </Placemark>
        <Placemark id="1370">
            <name>ECJTQ (VLG)</name>
            <description>De: LEVX
A: LEBL
Hora: 09:25</description>
            <styleUrl>#1371</styleUrl>
            <LineString id="1369">
                <coordinates>-8.627500000000001,42.22916666666667,0.0 2.0833,41.2974,0.0</coordinates>
            </LineString>
        </Placemark>
        <Placemark id="1374">
            <name>LNNGP (NAX)</name>
            <description>De: ENGM
A: LEBL
Hora: 09:26</description>
            <styleUrl>#1375</styleUrl>
            <LineString id="1373">
                <coordinates>11.08388888888889,60.20277777777778,0.0 2.0833,41.2974,0.0</coordinates>
            </LineString>
        </Placemark>
        <Placemark id="1378">
            <name>ECMIQ (VLG)</name>
            <description>De: LIRQ
A: LEBL
Hora: 09:28</description>
            <styleUrl>#1379</styleUrl>
            <LineString id="1377">
                <coordinates>11.202777777777778,43.808611111111105,0.0 2.0833,41.2974,0.0</coordinates>
            </LineString>
        </Placemark>
        <Placemark id="1382">
            <name>GEZBI (EZY)</name>
            <description>De: EGGW
A: LEBL
Hora: 09:30</description>
            <styleUrl>#1383</styleUrl>
            <LineString id="1381">
                <coordinates>-0.3683333333333333,51.874722222222225,0.0 2.0833,41.2974,0.0</coordinates>
            </LineString>
        </Placemark>
        <Placemark id="1386">
            <name>ECMGZ (VLG)</name>
            <description>De: LIPZ
A: LEBL
Hora: 09:31</description>
            <styleUrl>#1387</styleUrl>
            <LineString id="1385">
                <coordinates>12.351944444444444,45.50527777777778,0.0 2.0833,41.2974,0.0</coordinates>
            </LineString>
        </Placemark>
        <Placemark id="1390">
            <name>ECLQM (VLG)</name>
            <description>De: EBBR
A: LEBL
Hora: 09:34</description>
            <styleUrl>#1391</styleUrl>
            <LineString id="1389">
                <coordinates>4.484444444444445,50.90138888888889,0.0 2.0833,41.2974,0.0</coordinates>
            </LineString>
        </Placemark>
        <Placemark id="1394">
            <name>GCELG (EXS)</name>
            <description>De: EGCC
A: LEBL
Hora: 09:35</description>
            <styleUrl>#1395</styleUrl>
            <LineString id="1393">
                <coordinates>-2.275,53.35388888888889,0.0 2.0833,41.2974,0.0</coordinates>
            </LineString>
        </Placemark>
        <Placemark id="1398">
            <name>GEZTA (EZY)</name>
            <description>De: LFSB
A: LEBL
Hora: 09:36</description>
            <styleUrl>#1399</styleUrl>
            <LineString id="1397">
                <coordinates>7.529166666666667,47.59,0.0 2.0833,41.2974,0.0</coordinates>
            </LineString>
        </Placemark>
        <Placemark id="1402">
            <name>DAISG (DLH)</name>
            <description>De: EDDF
A: LEBL
Hora: 09:38</description>
            <styleUrl>#1403</styleUrl>
            <LineString id="1401">
                <coordinates>8.570555555555556,50.03333333333333,0.0 2.0833,41.2974,0.0</coordinates>
            </LineString>
        </Placemark>
        <Placemark id="1406">
            <name>N900JG (ZZZ)</name>
            <description>De: LLBG
A: LEBL
Hora: 09:40</description>
            <styleUrl>#1407</styleUrl>
            <LineString id="1405">
                <coordinates>34.885555555555555,32.00944444444445,0.0 2.0833,41.2974,0.0</coordinates>
            </LineString>
        </Placemark>
        <Placemark id="1410">
            <name>LNDYW (NAX)</name>
            <description>De: EKCH
A: LEBL
Hora: 09:41</description>
            <styleUrl>#1411</styleUrl>
            <LineString id="1409">
                <coordinates>12.65611111111111,55.61805555555556,0.0 2.0833,41.2974,0.0</coordinates>
            </LineString>
        </Placemark>
        <Placemark id="1414">
            <name>GEZAT (EZY)</name>
            <description>De: LFBD
A: LEBL
Hora: 09:43</description>
            <styleUrl>#1415</styleUrl>
            <LineString id="1413">
                <coordinates>-0.7152777777777777,44.828611111111115,0.0 2.0833,41.2974,0.0</coordinates>
            </LineString>
        </Placemark>
        <Placemark id="1418">
            <name>EIDHX (RYR)</name>
            <description>De: LIPE
A: LEBL
Hora: 09:44</description>
            <styleUrl>#1419</styleUrl>
            <LineString id="1417">
                <coordinates>11.296944444444444,44.530833333333334,0.0 2.0833,41.2974,0.0</coordinates>
            </LineString>
        </Placemark>
        <Placemark id="1422">
            <name>CFIYE (ROU)</name>
            <description>De: CYYZ
A: LEBL
Hora: 09:47</description>
            <styleUrl>#1423</styleUrl>
            <LineString id="1421">
                <coordinates>-79.63055555555555,43.67722222222222,0.0 2.0833,41.2974,0.0</coordinates>
            </LineString>
        </Placemark>
        <Placemark id="1426">
            <name>ECMJC (VLG)</name>
            <description>De: LDSP
A: LEBL
Hora: 09:50</description>
            <styleUrl>#1427</styleUrl>
            <LineString id="1425">
                <coordinates>16.298055555555557,43.538888888888884,0.0 2.0833,41.2974,0.0</coordinates>
            </LineString>
        </Placemark>
        <Placemark id="1430">
            <name>ECKRH (VLG)</name>
            <description>De: LEMH
A: LEBL
Hora: 09:52</description>
            <styleUrl>#1431</styleUrl>
            <LineString id="1429">
                <coordinates>4.2186111111111115,39.862500000000004,0.0 2.0833,41.2974,0.0</coordinates>
            </LineString>
        </Placemark>
        <Placemark id="1434">
            <name>HBJYI (EZS)</name>
            <description>De: LSGG
A: LEBL
Hora: 09:54</description>
            <styleUrl>#1435</styleUrl>
            <LineString id="1433">
                <coordinates>6.109444444444444,46.23833333333334,0.0 2.0833,41.2974,0.0</coordinates>
            </LineString>
        </Placemark>
        <Placemark id="1438">
            <name>ECLQK (VLG)</name>
            <description>De: LLBG
A: LEBL
Hora: 09:56</description>
            <styleUrl>#1439</styleUrl>
            <LineString id="1437">
                <coordinates>34.885555555555555,32.00944444444445,0.0 2.0833,41.2974,0.0</coordinates>
            </LineString>
        </Placemark>
        <Placemark id="1442">
            <name>ECMBE (VLG)</name>
            <description>De: LSZH
A: LEBL
Hora: 09:57</description>
            <styleUrl>#1443</styleUrl>
            <LineString id="1441">
                <coordinates>8.548055555555555,47.45805555555556,0.0 2.0833,41.2974,0.0</coordinates>
            </LineString>
        </Placemark>
        <Placemark id="1446">
            <name>CNRGG (RAM)</name>
            <description>De: GMMN
A: LEBL
Hora: 09:59</description>
            <styleUrl>#1447</styleUrl>
            <LineString id="1445">
                <coordinates>-7.581666666666666,33.36416666666667,0.0 2.0833,41.2974,0.0</coordinates>
            </LineString>
        </Placemark>
        <Placemark id="1450">
            <name>ECMJR (VLG)</name>
            <description>De: EGGW
A: LEBL
Hora: 10:01</description>
            <styleUrl>#1451</styleUrl>
            <LineString id="1449">
                <coordinates>-0.3683333333333333,51.874722222222225,0.0 2.0833,41.2974,0.0</coordinates>
            </LineString>
        </Placemark>
        <Placemark id="1454">
            <name>TSIMV (TAR)</name>
            <description>De: DTTA
A: LEBL
Hora: 10:03</description>
            <styleUrl>#1455</styleUrl>
            <LineString id="1453">
                <coordinates>10.226944444444445,36.85111111111111,0.0 2.0833,41.2974,0.0</coordinates>
            </LineString>
        </Placemark>
        <Placemark id="1458">
            <name>ECLQL (VLG)</name>
            <description>De: EDDM
A: LEBL
Hora: 10:04</description>
            <styleUrl>#1459</styleUrl>
            <LineString id="1457">
                <coordinates>11.786111111111111,48.35388888888889,0.0 2.0833,41.2974,0.0</coordinates>
            </LineString>
        </Placemark>
        <Placemark id="1462">
            <name>FF333 (FAF)</name>
            <description>De: LFCK
A: LEBL
Hora: 10:07</description>
            <styleUrl>#1463</styleUrl>
            <LineString id="1461">
                <coordinates>2.2905555555555552,43.555,0.0 2.0833,41.2974,0.0</coordinates>
            </LineString>
        </Placemark>
        <Placemark id="1466">
            <name>GGDFK (EXS)</name>
            <description>De: EGNM
A: LEBL
Hora: 10:08</description>
            <styleUrl>#1467</styleUrl>
            <LineString id="1465">
                <coordinates>-1.6608333333333332,53.86611111111111,0.0 2.0833,41.2974,0.0</coordinates>
            </LineString>
        </Placemark>
        <Placemark id="1470">
            <name>ECLRG (VLG)</name>
            <description>De: EDDP
A: LEBL
Hora: 10:10</description>
            <styleUrl>#1471</styleUrl>
            <LineString id="1469">
                <coordinates>12.236388888888888,51.42388888888889,0.0 2.0833,41.2974,0.0</coordinates>
            </LineString>
        </Placemark>
        <Placemark id="1474">
            <name>ECMBT (VLG)</name>
            <description>De: LEPA
A: LEBL
Hora: 10:11</description>
            <styleUrl>#1475</styleUrl>
            <LineString id="1473">
                <coordinates>2.738888888888889,39.55166666666666,0.0 2.0833,41.2974,0.0</coordinates>
            </LineString>
        </Placemark>
        <Placemark id="1478">
            <name>N803NW (DAL)</name>
            <description>De: KJFK
A: LEBL
Hora: 10:13</description>
            <styleUrl>#1479</styleUrl>
            <LineString id="1477">
                <coordinates>-73.77833333333334,40.640277777777776,0.0 2.0833,41.2974,0.0</coordinates>
            </LineString>
        </Placemark>
        <Placemark id="1482">
            <name>GEUYC (BAW)</name>
            <description>De: EGLL
A: LEBL
Hora: 10:15</description>
            <styleUrl>#1483</styleUrl>
            <LineString id="1481">
                <coordinates>-0.4613888888888889,51.4775,0.0 2.0833,41.2974,0.0</coordinates>
            </LineString>
        </Placemark>
        <Placemark id="1486">
            <name>N283AY (AAL)</name>
            <description>De: KCLT
A: LEBL
Hora: 10:17</description>
            <styleUrl>#1487</styleUrl>
            <LineString id="1485">
                <coordinates>-80.95,35.21666666666667,0.0 2.0833,41.2974,0.0</coordinates>
            </LineString>
        </Placemark>
        <Placemark id="1490">
            <name>ECMGF (VLG)</name>
            <description>De: EDDF
A: LEBL
Hora: 10:20</description>
            <styleUrl>#1491</styleUrl>
            <LineString id="1489">
                <coordinates>8.570555555555556,50.03333333333333,0.0 2.0833,41.2974,0.0</coordinates>
            </LineString>
        </Placemark>
        <Placemark id="1494">
            <name>ECMLD (VLG)</name>
            <description>De: EHAM
A: LEBL
Hora: 10:21</description>
            <styleUrl>#1495</styleUrl>
            <LineString id="1493">
                <coordinates>4.764166666666667,52.308055555555555,0.0 2.0833,41.2974,0.0</coordinates>
            </LineString>
        </Placemark>
        <Placemark id="1498">
            <name>EIIMU (AZA)</name>
            <description>De: LIML
A: LEBL
Hora: 10:23</description>
            <styleUrl>#1499</styleUrl>
            <LineString id="1497">
                <coordinates>9.278333333333334,45.44944444444444,0.0 2.0833,41.2974,0.0</coordinates>
            </LineString>
        </Placemark>
        <Placemark id="1502">
            <name>ECHUI (IBE)</name>
            <description>De: LEMD
A: LEBL
Hora: 10:25</description>
            <styleUrl>#1503</styleUrl>
            <LineString id="1501">
                <coordinates>-3.560833333333333,40.47222222222222,0.0 2.0833,41.2974,0.0</coordinates>
            </LineString>
        </Placemark>
        <Placemark id="1506">
            <name>ECLRN (VLG)</name>
            <description>De: LFPG
A: LEBL
Hora: 10:26</description>
            <styleUrl>#1507</styleUrl>
            <LineString id="1505">
                <coordinates>2.5477777777777777,49.00972222222222,0.0 2.0833,41.2974,0.0</coordinates>
            </LineString>
        </Placemark>
        <Placemark id="1510">
            <name>GEZWZ (EZY)</name>
            <description>De: EGKK
A: LEBL
Hora: 10:28</description>
            <styleUrl>#1511</styleUrl>
            <LineString id="1509">
                <coordinates>-0.19027777777777777,51.14805555555556,0.0 2.0833,41.2974,0.0</coordinates>
            </LineString>
        </Placemark>
        <Placemark id="1514">
            <name>CSTTV (TAP)</name>
            <description>De: LPPT
A: LEBL
Hora: 10:29</description>
            <styleUrl>#1515</styleUrl>
            <LineString id="1513">
                <coordinates>-9.134166666666665,38.774166666666666,0.0 2.0833,41.2974,0.0</coordinates>
            </LineString>
        </Placemark>
        <Placemark id="1518">
            <name>PHBXP (KLM)</name>
            <description>De: EHAM
A: LEBL
Hora: 10:30</description>
            <styleUrl>#1519</styleUrl>
            <LineString id="1517">
                <coordinates>4.764166666666667,52.308055555555555,0.0 2.0833,41.2974,0.0</coordinates>
            </LineString>
        </Placemark>
        <Placemark id="1522">
            <name>ECJGM (VLG)</name>
            <description>De: LEBB
A: LEBL
Hora: 10:33</description>
            <styleUrl>#1523</styleUrl>
            <LineString id="1521">
                <coordinates>-2.9105555555555553,43.301111111111105,0.0 2.0833,41.2974,0.0</coordinates>
            </LineString>
        </Placemark>
        <Placemark id="1526">
            <name>CFDAT (TSC)</name>
            <description>De: CYUL
A: LEBL
Hora: 10:34</description>
            <styleUrl>#1527</styleUrl>
            <LineString id="1525">
                <coordinates>-73.74138888888889,45.46805555555556,0.0 2.0833,41.2974,0.0</coordinates>
            </LineString>
        </Placemark>
        <Placemark id="1530">
            <name>EIDHG (RYR)</name>
            <description>De: EDDH
A: LEBL
Hora: 10:36</description>
            <styleUrl>#1531</styleUrl>
            <LineString id="1529">
                <coordinates>9.988333333333333,53.63027777777778,0.0 2.0833,41.2974,0.0</coordinates>
            </LineString>
        </Placemark>
        <Placemark id="1534">
            <name>EIFJP (IBK)</name>
            <description>De: LEBB
A: LEBL
Hora: 10:38</description>
            <styleUrl>#1535</styleUrl>
            <LineString id="1533">
                <coordinates>-2.9105555555555553,43.301111111111105,0.0 2.0833,41.2974,0.0</coordinates>
            </LineString>
        </Placemark>
        <Placemark id="1538">
            <name>ECHQI (VLG)</name>
            <description>De: LIRF
A: LEBL
Hora: 10:39</description>
            <styleUrl>#1539</styleUrl>
            <LineString id="1537">
                <coordinates>12.238888888888889,41.80027777777777,0.0 2.0833,41.2974,0.0</coordinates>
            </LineString>
        </Placemark>
        <Placemark id="1542">
            <name>CGTSW (TSC)</name>
            <description>De: CYYZ
A: LEBL
Hora: 10:41</description>
            <styleUrl>#1543</styleUrl>
            <LineString id="1541">
                <coordinates>-79.63055555555555,43.67722222222222,0.0 2.0833,41.2974,0.0</coordinates>
            </LineString>
        </Placemark>
        <Placemark id="1546">
            <name>ECLZO (VLG)</name>
            <description>De: EGKK
A: LEBL
Hora: 10:42</description>
            <styleUrl>#1547</styleUrl>
            <LineString id="1545">
                <coordinates>-0.19027777777777777,51.14805555555556,0.0 2.0833,41.2974,0.0</coordinates>
            </LineString>
        </Placemark>
        <Placemark id="1550">
            <name>N76062 (UAL)</name>
            <description>De: KIAD
A: LEBL
Hora: 10:43</description>
            <styleUrl>#1551</styleUrl>
            <LineString id="1549">
                <coordinates>-77.45666666666666,38.94499999999999,0.0 2.0833,41.2974,0.0</coordinates>
            </LineString>
        </Placemark>
        <Placemark id="1554">
            <name>FA123 (FHA)</name>
            <description>De: LEBB
A: LEBL
Hora: 10:47</description>
            <styleUrl>#1555</styleUrl>
            <LineString id="1553">
                <coordinates>-2.9105555555555553,43.301111111111105,0.0 2.0833,41.2974,0.0</coordinates>
            </LineString>
        </Placemark>
        <Placemark id="1558">
            <name>URPSS (AUI)</name>
            <description>De: UKBB
A: LEBL
Hora: 10:48</description>
            <styleUrl>#1559</styleUrl>
            <LineString id="1557">
                <coordinates>30.893333333333334,50.344722222222224,0.0 2.0833,41.2974,0.0</coordinates>
            </LineString>
        </Placemark>
        <Placemark id="1562">
            <name>4XELD (ELY)</name>
            <description>De: LLBG
A: LEBL
Hora: 10:50</description>
            <styleUrl>#1563</styleUrl>
            <LineString id="1561">
                <coordinates>34.885555555555555,32.00944444444445,0.0 2.0833,41.2974,0.0</coordinates>
            </LineString>
        </Placemark>
        <Placemark id="1566">
            <name>EIEBA (RYR)</name>
            <description>De: EGNX
A: LEBL
Hora: 10:52</description>
            <styleUrl>#1567</styleUrl>
            <LineString id="1565">
                <coordinates>-1.3277777777777777,52.83111111111111,0.0 2.0833,41.2974,0.0</coordinates>
            </LineString>
        </Placemark>
        <Placemark id="1570">
            <name>ECLZE (VLG)</name>
            <description>De: LFQQ
A: LEBL
Hora: 10:54</description>
            <styleUrl>#1571</styleUrl>
            <LineString id="1569">
                <coordinates>3.0869444444444447,50.56333333333333,0.0 2.0833,41.2974,0.0</coordinates>
            </LineString>
        </Placemark>
        <Placemark id="1574">
            <name>DAISW (DLH)</name>
            <description>De: EDDF
A: LEBL
Hora: 10:55</description>
            <styleUrl>#1575</styleUrl>
            <LineString id="1573">
                <coordinates>8.570555555555556,50.03333333333333,0.0 2.0833,41.2974,0.0</coordinates>
            </LineString>
        </Placemark>
        <Placemark id="1578">
            <name>PHXRX (TRA)</name>
            <description>De: EHEH
A: LEBL
Hora: 10:56</description>
            <styleUrl>#1579</styleUrl>
            <LineString id="1577">
                <coordinates>5.374444444444444,51.45,0.0 2.0833,41.2974,0.0</coordinates>
            </LineString>
        </Placemark>
        <Placemark id="1582">
            <name>TCJVM (THY)</name>
            <description>De: LTFJ
A: LEBL
Hora: 10:58</description>
            <styleUrl>#1583</styleUrl>
            <LineString id="1581">
                <coordinates>29.309166666666666,40.89833333333333,0.0 2.0833,41.2974,0.0</coordinates>
            </LineString>
        </Placemark>
        <Placemark id="1586">
            <name>ECLVP (VLG)</name>
            <description>De: LKPR
A: LEBL
Hora: 11:00</description>
            <styleUrl>#1587</styleUrl>
            <LineString id="1585">
                <coordinates>14.26,50.100833333333334,0.0 2.0833,41.2974,0.0</coordinates>
            </LineString>
        </Placemark>
        <Placemark id="1590">
            <name>URPSO (AUI)</name>
            <description>De: UKBB
A: LEBL
Hora: 11:02</description>
            <styleUrl>#1591</styleUrl>
            <LineString id="1589">
                <coordinates>30.893333333333334,50.344722222222224,0.0 2.0833,41.2974,0.0</coordinates>
            </LineString>
        </Placemark>
        <Placemark id="1594">
            <name>ECLRM (VLG)</name>
            <description>De: EGBB
A: LEBL
Hora: 11:04</description>
            <styleUrl>#1595</styleUrl>
            <LineString id="1593">
                <coordinates>-1.7480555555555557,52.45388888888889,0.0 2.0833,41.2974,0.0</coordinates>
            </LineString>
        </Placemark>
        <Placemark id="1598">
            <name>ECLML (VLG)</name>
            <description>De: LEMH
A: LEBL
Hora: 11:06</description>
            <styleUrl>#1599</styleUrl>
            <LineString id="1597">
                <coordinates>4.2186111111111115,39.862500000000004,0.0 2.0833,41.2974,0.0</coordinates>
            </LineString>
        </Placemark>
        <Placemark id="1602">
            <name>ECMEQ (VLG)</name>
            <description>De: LEIB
A: LEBL
Hora: 11:08</description>
            <styleUrl>#1603</styleUrl>
            <LineString id="1601">
                <coordinates>1.3730555555555557,38.87277777777778,0.0 2.0833,41.2974,0.0</coordinates>
            </LineString>
        </Placemark>
        <Placemark id="1606">
            <name>A7AEC (QTR)</name>
            <description>De: OTHH
A: LEBL
Hora: 11:11</description>
            <styleUrl>#1607</styleUrl>
            <LineString id="1605">
                <coordinates>51.608333333333334,25.274444444444445,0.0 2.0833,41.2974,0.0</coordinates>
            </LineString>
        </Placemark>
        <Placemark id="1610">
            <name>LNDYB (NAX)</name>
            <description>De: ESGG
A: LEBL
Hora: 11:13</description>
            <styleUrl>#1611</styleUrl>
            <LineString id="1609">
                <coordinates>12.29111111111111,57.66,0.0 2.0833,41.2974,0.0</coordinates>
            </LineString>
        </Placemark>
        <Placemark id="1614">
            <name>A6EOP (UAE)</name>
            <description>De: OMDB
A: LEBL
Hora: 11:15</description>
            <styleUrl>#1615</styleUrl>
            <LineString id="1613">
                <coordinates>55.36,25.249166666666667,0.0 2.0833,41.2974,0.0</coordinates>
            </LineString>
        </Placemark>
        <Placemark id="1618">
            <name>DAKNQ (GWI)</name>
            <description>De: EDDT
A: LEBL
Hora: 11:21</description>
            <styleUrl>#1619</styleUrl>
            <LineString id="1617">
                <coordinates>13.287777777777778,52.55972222222222,0.0 2.0833,41.2974,0.0</coordinates>
            </LineString>
        </Placemark>
        <Placemark id="1622">
            <name>DAGWE (GWI)</name>
            <description>De: EDDH
A: LEBL
Hora: 11:23</description>
            <styleUrl>#1623</styleUrl>
            <LineString id="1621">
                <coordinates>9.988333333333333,53.63027777777778,0.0 2.0833,41.2974,0.0</coordinates>
            </LineString>
        </Placemark>
        <Placemark id="1626">
            <name>DCARO (DCA)</name>
            <description>De: LEVC
A: LEBL
Hora: 11:36</description>
            <styleUrl>#1627</styleUrl>
            <LineString id="1625">
                <coordinates>-0.4816666666666667,39.489444444444445,0.0 2.0833,41.2974,0.0</coordinates>
            </LineString>
        </Placemark>
        <Placemark id="1630">
            <name>OKNEN (CSA)</name>
            <description>De: LKPR
A: LEBL
Hora: 11:39</description>
            <styleUrl>#1631</styleUrl>
            <LineString id="1629">
                <coordinates>14.26,50.100833333333334,0.0 2.0833,41.2974,0.0</coordinates>
            </LineString>
        </Placemark>
        <Placemark id="1634">
            <name>LXLQB (LGL)</name>
            <description>De: ELLX
A: LEBL
Hora: 11:42</description>
            <styleUrl>#1635</styleUrl>
            <LineString id="1633">
                <coordinates>6.204444444444444,49.623333333333335,0.0 2.0833,41.2974,0.0</coordinates>
            </LineString>
        </Placemark>
        <Placemark id="1638">
            <name>EIENL (RYR)</name>
            <description>De: GMMX
A: LEBL
Hora: 11:43</description>
            <styleUrl>#1639</styleUrl>
            <LineString id="1637">
                <coordinates>-8.040833333333333,31.608611111111113,0.0 2.0833,41.2974,0.0</coordinates>
            </LineString>
        </Placemark>
        <Placemark id="1642">
            <name>TCJHZ (THY)</name>
            <description>De: LTBA
A: LEBL
Hora: 11:46</description>
            <styleUrl>#1643</styleUrl>
            <LineString id="1641">
                <coordinates>28.81416666666667,40.976111111111116,0.0 2.0833,41.2974,0.0</coordinates>
            </LineString>
        </Placemark>
        <Placemark id="1646">
            <name>EIFRH (RYR)</name>
            <description>De: LEPA
A: LEBL
Hora: 11:48</description>
            <styleUrl>#1647</styleUrl>
            <LineString id="1645">
                <coordinates>2.738888888888889,39.55166666666666,0.0 2.0833,41.2974,0.0</coordinates>
            </LineString>
        </Placemark>
        <Placemark id="1650">
            <name>GEZUM (EZY)</name>
            <description>De: LFMN
A: LEBL
Hora: 11:50</description>
            <styleUrl>#1651</styleUrl>
            <LineString id="1649">
                <coordinates>7.215,43.665277777777774,0.0 2.0833,41.2974,0.0</coordinates>
            </LineString>
        </Placemark>
        <Placemark id="1654">
            <name>CSTTK (TAP)</name>
            <description>De: LPPT
A: LEBL
Hora: 11:52</description>
            <styleUrl>#1655</styleUrl>
            <LineString id="1653">
                <coordinates>-9.134166666666665,38.774166666666666,0.0 2.0833,41.2974,0.0</coordinates>
            </LineString>
        </Placemark>
        <Placemark id="1658">
            <name>EIDHT (RYR)</name>
            <description>De: EYVI
A: LEBL
Hora: 11:56</description>
            <styleUrl>#1659</styleUrl>
            <LineString id="1657">
                <coordinates>25.28777777777778,54.636944444444445,0.0 2.0833,41.2974,0.0</coordinates>
            </LineString>
        </Placemark>
        <Placemark id="1662">
            <name>TCCPG (PGT)</name>
            <description>De: LTFJ
A: LEBL
Hora: 11:59</description>
            <styleUrl>#1663</styleUrl>
            <LineString id="1661">
                <coordinates>29.309166666666666,40.89833333333333,0.0 2.0833,41.2974,0.0</coordinates>
            </LineString>
        </Placemark>
        <Placemark id="1666">
            <name>ECLZF (VLG)</name>
            <description>De: LEAM
A: LEBL
Hora: 12:02</description>
            <styleUrl>#1667</styleUrl>
            <LineString id="1665">
                <coordinates>-2.37,36.84388888888889,0.0 2.0833,41.2974,0.0</coordinates>
            </LineString>
        </Placemark>
        <Placemark id="1670">
            <name>ECIXD (IBE)</name>
            <description>De: LEMD
A: LEBL
Hora: 12:08</description>
            <styleUrl>#1671</styleUrl>
            <LineString id="1669">
                <coordinates>-3.560833333333333,40.47222222222222,0.0 2.0833,41.2974,0.0</coordinates>
            </LineString>
        </Placemark>
        <Placemark id="1674">
            <name>ECMHA (VLG)</name>
            <description>De: LIMC
A: LEBL
Hora: 12:10</description>
            <styleUrl>#1675</styleUrl>
            <LineString id="1673">
                <coordinates>8.723055555555556,45.63,0.0 2.0833,41.2974,0.0</coordinates>
            </LineString>
        </Placemark>
        <Placemark id="1678">
            <name>SUGCE (MSR)</name>
            <description>De: HECA
A: LEBL
Hora: 12:11</description>
            <styleUrl>#1679</styleUrl>
            <LineString id="1677">
                <coordinates>31.413888888888888,30.11138888888889,0.0 2.0833,41.2974,0.0</coordinates>
            </LineString>
        </Placemark>
        <Placemark id="1682">
            <name>SXABE (VLG)</name>
            <description>De: LFRN
A: LEBL
Hora: 12:14</description>
            <styleUrl>#1683</styleUrl>
            <LineString id="1681">
                <coordinates>-1.7322222222222223,48.07194444444445,0.0 2.0833,41.2974,0.0</coordinates>
            </LineString>
        </Placemark>
        <Placemark id="1686">
            <name>HBIOM (SWR)</name>
            <description>De: LSZH
A: LEBL
Hora: 12:18</description>
            <styleUrl>#1687</styleUrl>
            <LineString id="1685">
                <coordinates>8.548055555555555,47.45805555555556,0.0 2.0833,41.2974,0.0</coordinates>
            </LineString>
        </Placemark>
        <Placemark id="1690">
            <name>GEUUY (BAW)</name>
            <description>De: EGLL
A: LEBL
Hora: 12:21</description>
            <styleUrl>#1691</styleUrl>
            <LineString id="1689">
                <coordinates>-0.4613888888888889,51.4775,0.0 2.0833,41.2974,0.0</coordinates>
            </LineString>
        </Placemark>
        <Placemark id="1694">
            <name>ECMEA (VLG)</name>
            <description>De: GMFF
A: LEBL
Hora: 12:29</description>
            <styleUrl>#1695</styleUrl>
            <LineString id="1693">
                <coordinates>-4.977777777777778,33.92722222222222,0.0 2.0833,41.2974,0.0</coordinates>
            </LineString>
        </Placemark>
        <Placemark id="1698">
            <name>ECLTG (LAV)</name>
            <description>De: ETNL
A: LEBL
Hora: 12:32</description>
            <styleUrl>#1699</styleUrl>
            <LineString id="1697">
                <coordinates>12.278333333333334,53.91916666666666,0.0 2.0833,41.2974,0.0</coordinates>
            </LineString>
        </Placemark>
        <Placemark id="1702">
            <name>DAIRA (DLH)</name>
            <description>De: EDDM
A: LEBL
Hora: 12:38</description>
            <styleUrl>#1703</styleUrl>
            <LineString id="1701">
                <coordinates>11.786111111111111,48.35388888888889,0.0 2.0833,41.2974,0.0</coordinates>
            </LineString>
        </Placemark>
        <Placemark id="1706">
            <name>ECJYX (VLG)</name>
            <description>De: EHAM
A: LEBL
Hora: 12:41</description>
            <styleUrl>#1707</styleUrl>
            <LineString id="1705">
                <coordinates>4.764166666666667,52.308055555555555,0.0 2.0833,41.2974,0.0</coordinates>
            </LineString>
        </Placemark>
        <Placemark id="1710">
            <name>ECLUN (VLG)</name>
            <description>De: LIMF
A: LEBL
Hora: 12:43</description>
            <styleUrl>#1711</styleUrl>
            <LineString id="1709">
                <coordinates>7.649444444444444,45.2025,0.0 2.0833,41.2974,0.0</coordinates>
            </LineString>
        </Placemark>
        <Placemark id="1714">
            <name>GEZPL (EZY)</name>
            <description>De: EGKK
A: LEBL
Hora: 12:44</description>
            <styleUrl>#1715</styleUrl>
            <LineString id="1713">
                <coordinates>-0.19027777777777777,51.14805555555556,0.0 2.0833,41.2974,0.0</coordinates>
            </LineString>
        </Placemark>
        <Placemark id="1718">
            <name>EIFJN (IBK)</name>
            <description>De: EDDB
A: LEBL
Hora: 12:46</description>
            <styleUrl>#1719</styleUrl>
            <LineString id="1717">
                <coordinates>13.500555555555556,52.36222222222222,0.0 2.0833,41.2974,0.0</coordinates>
            </LineString>
        </Placemark>
        <Placemark id="1722">
            <name>PHXRD (TRA)</name>
            <description>De: EHAM
A: LEBL
Hora: 12:48</description>
            <styleUrl>#1723</styleUrl>
            <LineString id="1721">
                <coordinates>4.764166666666667,52.308055555555555,0.0 2.0833,41.2974,0.0</coordinates>
            </LineString>
        </Placemark>
        <Placemark id="1726">
            <name>ECLXV (AEA)</name>
            <description>De: LEPA
A: LEBL
Hora: 12:50</description>
            <styleUrl>#1727</styleUrl>
            <LineString id="1725">
                <coordinates>2.738888888888889,39.55166666666666,0.0 2.0833,41.2974,0.0</coordinates>
            </LineString>
        </Placemark>
        <Placemark id="1730">
            <name>ECLOB (VLG)</name>
            <description>De: LEMG
A: LEBL
Hora: 12:54</description>
            <styleUrl>#1731</styleUrl>
            <LineString id="1729">
                <coordinates>-4.4991666666666665,36.675,0.0 2.0833,41.2974,0.0</coordinates>
            </LineString>
        </Placemark>
        <Placemark id="1734">
            <name>ECMGE (VLG)</name>
            <description>De: LEBB
A: LEBL
Hora: 12:56</description>
            <styleUrl>#1735</styleUrl>
            <LineString id="1733">
                <coordinates>-2.9105555555555553,43.301111111111105,0.0 2.0833,41.2974,0.0</coordinates>
            </LineString>
        </Placemark>
        <Placemark id="1738">
            <name>OOSSW (BEL)</name>
            <description>De: EBBR
A: LEBL
Hora: 12:58</description>
            <styleUrl>#1739</styleUrl>
            <LineString id="1737">
                <coordinates>4.484444444444445,50.90138888888889,0.0 2.0833,41.2974,0.0</coordinates>
            </LineString>
        </Placemark>
        <Placemark id="1742">
            <name>GEUYB (BAW)</name>
            <description>De: EGKK
A: LEBL
Hora: 13:00</description>
            <styleUrl>#1743</styleUrl>
            <LineString id="1741">
                <coordinates>-0.19027777777777777,51.14805555555556,0.0 2.0833,41.2974,0.0</coordinates>
            </LineString>
        </Placemark>
        <Placemark id="1746">
            <name>DAISE (DLH)</name>
            <description>De: EDDF
A: LEBL
Hora: 13:04</description>
            <styleUrl>#1747</styleUrl>
            <LineString id="1745">
                <coordinates>8.570555555555556,50.03333333333333,0.0 2.0833,41.2974,0.0</coordinates>
            </LineString>
        </Placemark>
        <Placemark id="1750">
            <name>N969AV (AVA)</name>
            <description>De: SKBO
A: LEBL
Hora: 13:07</description>
            <styleUrl>#1751</styleUrl>
            <LineString id="1749">
                <coordinates>-74.15,4.7,0.0 2.0833,41.2974,0.0</coordinates>
            </LineString>
        </Placemark>
        <Placemark id="1754">
            <name>A6AIN (ROJ)</name>
            <description>De: EGLL
A: LEBL
Hora: 13:09</description>
            <styleUrl>#1755</styleUrl>
            <LineString id="1753">
                <coordinates>-0.4613888888888889,51.4775,0.0 2.0833,41.2974,0.0</coordinates>
            </LineString>
        </Placemark>
        <Placemark id="1758">
            <name>EIFIY (RYR)</name>
            <description>De: LIRF
A: LEBL
Hora: 13:11</description>
            <styleUrl>#1759</styleUrl>
            <LineString id="1757">
                <coordinates>12.238888888888889,41.80027777777777,0.0 2.0833,41.2974,0.0</coordinates>
            </LineString>
        </Placemark>
        <Placemark id="1762">
            <name>ECHUH (IBE)</name>
            <description>De: LEMD
A: LEBL
Hora: 13:13</description>
            <styleUrl>#1763</styleUrl>
            <LineString id="1761">
                <coordinates>-3.560833333333333,40.47222222222222,0.0 2.0833,41.2974,0.0</coordinates>
            </LineString>
        </Placemark>
        <Placemark id="1766">
            <name>ECHOB (EXU)</name>
            <description>De: LYTV
A: LEBL
Hora: 13:18</description>
            <styleUrl>#1767</styleUrl>
            <LineString id="1765">
                <coordinates>18.723333333333333,42.40472222222222,0.0 2.0833,41.2974,0.0</coordinates>
            </LineString>
        </Placemark>
        <Placemark id="1770">
            <name>EIDAE (RYR)</name>
            <description>De: LIMF
A: LEBL
Hora: 13:21</description>
            <styleUrl>#1771</styleUrl>
            <LineString id="1769">
                <coordinates>7.649444444444444,45.2025,0.0 2.0833,41.2974,0.0</coordinates>
            </LineString>
        </Placemark>
        <Placemark id="1774">
            <name>ECLRY (VLG)</name>
            <description>De: LFPO
A: LEBL
Hora: 13:25</description>
            <styleUrl>#1775</styleUrl>
            <LineString id="1773">
                <coordinates>2.3794444444444447,48.723333333333336,0.0 2.0833,41.2974,0.0</coordinates>
            </LineString>
        </Placemark>
        <Placemark id="1778">
            <name>EIENO (RYR)</name>
            <description>De: LEMG
A: LEBL
Hora: 13:27</description>
            <styleUrl>#1779</styleUrl>
            <LineString id="1777">
                <coordinates>-4.4991666666666665,36.675,0.0 2.0833,41.2974,0.0</coordinates>
            </LineString>
        </Placemark>
        <Placemark id="1782">
            <name>EIDWK (RYR)</name>
            <description>De: LIPH
A: LEBL
Hora: 13:28</description>
            <styleUrl>#1783</styleUrl>
            <LineString id="1781">
                <coordinates>12.197777777777778,45.65083333333333,0.0 2.0833,41.2974,0.0</coordinates>
            </LineString>
        </Placemark>
        <Placemark id="1786">
            <name>ECJTR (VLG)</name>
            <description>De: LFSB
A: LEBL
Hora: 13:30</description>
            <styleUrl>#1787</styleUrl>
            <LineString id="1785">
                <coordinates>7.529166666666667,47.59,0.0 2.0833,41.2974,0.0</coordinates>
            </LineString>
        </Placemark>
        <Placemark id="1790">
            <name>ECMGF (VLG)</name>
            <description>De: LEMH
A: LEBL
Hora: 13:32</description>
            <styleUrl>#1791</styleUrl>
            <LineString id="1789">
                <coordinates>4.2186111111111115,39.862500000000004,0.0 2.0833,41.2974,0.0</coordinates>
            </LineString>
        </Placemark>
        <Placemark id="1794">
            <name>EIFJL (IBK)</name>
            <description>De: ENBR
A: LEBL
Hora: 13:34</description>
            <styleUrl>#1795</styleUrl>
            <LineString id="1793">
                <coordinates>5.218055555555556,60.29361111111111,0.0 2.0833,41.2974,0.0</coordinates>
            </LineString>
        </Placemark>
        <Placemark id="1798">
            <name>ECLST (AEA)</name>
            <description>De: LEMH
A: LEBL
Hora: 13:36</description>
            <styleUrl>#1799</styleUrl>
            <LineString id="1797">
                <coordinates>4.2186111111111115,39.862500000000004,0.0 2.0833,41.2974,0.0</coordinates>
            </LineString>
        </Placemark>
        <Placemark id="1802">
            <name>EK111 (HBV)</name>
            <description>De: LSZG
A: LEBL
Hora: 13:38</description>
            <styleUrl>#1803</styleUrl>
            <LineString id="1801">
                <coordinates>7.416388888888889,47.18138888888889,0.0 2.0833,41.2974,0.0</coordinates>
            </LineString>
        </Placemark>
        <Placemark id="1806">
            <name>ECMGY (VLG)</name>
            <description>De: EPWA
A: LEBL
Hora: 13:39</description>
            <styleUrl>#1807</styleUrl>
            <LineString id="1805">
                <coordinates>20.96722222222222,52.16583333333333,0.0 2.0833,41.2974,0.0</coordinates>
            </LineString>
        </Placemark>
        <Placemark id="1810">
            <name>EIDAM (RYR)</name>
            <description>De: EGSS
A: LEBL
Hora: 13:41</description>
            <styleUrl>#1811</styleUrl>
            <LineString id="1809">
                <coordinates>0.23500000000000001,51.885,0.0 2.0833,41.2974,0.0</coordinates>
            </LineString>
        </Placemark>
        <Placemark id="1814">
            <name>EIFJM (IBK)</name>
            <description>De: ESSA
A: LEBL
Hora: 13:45</description>
            <styleUrl>#1815</styleUrl>
            <LineString id="1813">
                <coordinates>17.91861111111111,59.651944444444446,0.0 2.0833,41.2974,0.0</coordinates>
            </LineString>
        </Placemark>
        <Placemark id="1818">
            <name>DAISR (DLH)</name>
            <description>De: EDDF
A: LEBL
Hora: 13:53</description>
            <styleUrl>#1819</styleUrl>
            <LineString id="1817">
                <coordinates>8.570555555555556,50.03333333333333,0.0 2.0833,41.2974,0.0</coordinates>
            </LineString>
        </Placemark>
        <Placemark id="1822">
            <name>CSTTN (TAP)</name>
            <description>De: LPPT
A: LEBL
Hora: 13:55</description>
            <styleUrl>#1823</styleUrl>
            <LineString id="1821">
                <coordinates>-9.134166666666665,38.774166666666666,0.0 2.0833,41.2974,0.0</coordinates>
            </LineString>
        </Placemark>
        <Placemark id="1826">
            <name>EIDCJ (RYR)</name>
            <description>De: LIME
A: LEBL
Hora: 13:57</description>
            <styleUrl>#1827</styleUrl>
            <LineString id="1825">
                <coordinates>9.700277777777776,45.66888888888889,0.0 2.0833,41.2974,0.0</coordinates>
            </LineString>
        </Placemark>
        <Placemark id="1830">
            <name>OYRUP (IBK)</name>
            <description>De: GCXO
A: LEBL
Hora: 13:59</description>
            <styleUrl>#1831</styleUrl>
            <LineString id="1829">
                <coordinates>-16.341666666666665,28.482777777777777,0.0 2.0833,41.2974,0.0</coordinates>
            </LineString>
        </Placemark>
        <Placemark id="1834">
            <name>ECIVJ (EXU)</name>
            <description>De: LEIB
A: LEBL
Hora: 14:04</description>
            <styleUrl>#1835</styleUrl>
            <LineString id="1833">
                <coordinates>1.3730555555555557,38.87277777777778,0.0 2.0833,41.2974,0.0</coordinates>
            </LineString>
        </Placemark>
        <Placemark id="1838">
            <name>EIEFW (RYR)</name>
            <description>De: EBBR
A: LEBL
Hora: 14:07</description>
            <styleUrl>#1839</styleUrl>
            <LineString id="1837">
                <coordinates>4.484444444444445,50.90138888888889,0.0 2.0833,41.2974,0.0</coordinates>
            </LineString>
        </Placemark>
        <Placemark id="1842">
            <name>LVCSX (ARG)</name>
            <description>De: SAEZ
A: LEBL
Hora: 14:11</description>
            <styleUrl>#1843</styleUrl>
            <LineString id="1841">
                <coordinates>-58.53583333333333,-34.82222222222222,0.0 2.0833,41.2974,0.0</coordinates>
            </LineString>
        </Placemark>
        <Placemark id="1846">
            <name>PHBXG (KLM)</name>
            <description>De: EHAM
A: LEBL
Hora: 14:13</description>
            <styleUrl>#1847</styleUrl>
            <LineString id="1845">
                <coordinates>4.764166666666667,52.308055555555555,0.0 2.0833,41.2974,0.0</coordinates>
            </LineString>
        </Placemark>
        <Placemark id="1850">
            <name>LYVEO (VLG)</name>
            <description>De: LEST
A: LEBL
Hora: 14:15</description>
            <styleUrl>#1851</styleUrl>
            <LineString id="1849">
                <coordinates>-8.415277777777778,42.896388888888886,0.0 2.0833,41.2974,0.0</coordinates>
            </LineString>
        </Placemark>
        <Placemark id="1854">
            <name>ECMJZ (ANE)</name>
            <description>De: LEBZ
A: LEBL
Hora: 14:17</description>
            <styleUrl>#1855</styleUrl>
            <LineString id="1853">
                <coordinates>-6.8213888888888885,38.89138888888889,0.0 2.0833,41.2974,0.0</coordinates>
            </LineString>
        </Placemark>
        <Placemark id="1858">
            <name>VQBBG (AFL)</name>
            <description>De: UUEE
A: LEBL
Hora: 14:20</description>
            <styleUrl>#1859</styleUrl>
            <LineString id="1857">
                <coordinates>37.41305555555555,55.972500000000004,0.0 2.0833,41.2974,0.0</coordinates>
            </LineString>
        </Placemark>
        <Placemark id="1862">
            <name>PTMSV (TAM)</name>
            <description>De: SBGR
A: LEBL
Hora: 14:21</description>
            <styleUrl>#1863</styleUrl>
            <LineString id="1861">
                <coordinates>-46.47,-23.433333333333334,0.0 2.0833,41.2974,0.0</coordinates>
            </LineString>
        </Placemark>
        <Placemark id="1866">
            <name>HBJYL (EZS)</name>
            <description>De: LSGG
A: LEBL
Hora: 14:25</description>
            <styleUrl>#1867</styleUrl>
            <LineString id="1865">
                <coordinates>6.109444444444444,46.23833333333334,0.0 2.0833,41.2974,0.0</coordinates>
            </LineString>
        </Placemark>
        <Placemark id="1870">
            <name>ECJPF (AEA)</name>
            <description>De: LEMD
A: LEBL
Hora: 14:27</description>
            <styleUrl>#1871</styleUrl>
            <LineString id="1869">
                <coordinates>-3.560833333333333,40.47222222222222,0.0 2.0833,41.2974,0.0</coordinates>
            </LineString>
        </Placemark>
        <Placemark id="1874">
            <name>EIFJP (IBK)</name>
            <description>De: LEPA
A: LEBL
Hora: 14:29</description>
            <styleUrl>#1875</styleUrl>
            <LineString id="1873">
                <coordinates>2.738888888888889,39.55166666666666,0.0 2.0833,41.2974,0.0</coordinates>
            </LineString>
        </Placemark>
        <Placemark id="1878">
            <name>HBJXE (EZS)</name>
            <description>De: LFSB
A: LEBL
Hora: 14:32</description>
            <styleUrl>#1879</styleUrl>
            <LineString id="1877">
                <coordinates>7.529166666666667,47.59,0.0 2.0833,41.2974,0.0</coordinates>
            </LineString>
        </Placemark>
        <Placemark id="1882">
            <name>CNNMH (MAC)</name>
            <description>De: GMMN
A: LEBL
Hora: 14:35</description>
            <styleUrl>#1883</styleUrl>
            <LineString id="1881">
                <coordinates>-7.581666666666666,33.36416666666667,0.0 2.0833,41.2974,0.0</coordinates>
            </LineString>
        </Placemark>
        <Placemark id="1886">
            <name>ECLML (VLG)</name>
            <description>De: LEPA
A: LEBL
Hora: 14:37</description>
            <styleUrl>#1887</styleUrl>
            <LineString id="1885">
                <coordinates>2.738888888888889,39.55166666666666,0.0 2.0833,41.2974,0.0</coordinates>
            </LineString>
        </Placemark>
        <Placemark id="1890">
            <name>ECJNI (IBE)</name>
            <description>De: LEMD
A: LEBL
Hora: 14:39</description>
            <styleUrl>#1891</styleUrl>
            <LineString id="1889">
                <coordinates>-3.560833333333333,40.47222222222222,0.0 2.0833,41.2974,0.0</coordinates>
            </LineString>
        </Placemark>
        <Placemark id="1894">
            <name>ECMKV (VLG)</name>
            <description>De: ELLX
A: LEBL
Hora: 14:41</description>
            <styleUrl>#1895</styleUrl>
            <LineString id="1893">
                <coordinates>6.204444444444444,49.623333333333335,0.0 2.0833,41.2974,0.0</coordinates>
            </LineString>
        </Placemark>
        <Placemark id="1898">
            <name>ECJGM (VLG)</name>
            <description>De: LEBB
A: LEBL
Hora: 14:43</description>
            <styleUrl>#1899</styleUrl>
            <LineString id="1897">
                <coordinates>-2.9105555555555553,43.301111111111105,0.0 2.0833,41.2974,0.0</coordinates>
            </LineString>
        </Placemark>
        <Placemark id="1902">
            <name>ECMBK (VLG)</name>
            <description>De: LEJR
A: LEBL
Hora: 14:45</description>
            <styleUrl>#1903</styleUrl>
            <LineString id="1901">
                <coordinates>-6.06,36.74472222222222,0.0 2.0833,41.2974,0.0</coordinates>
            </LineString>
        </Placemark>
        <Placemark id="1906">
            <name>EIFJK (IBK)</name>
            <description>De: EFHK
A: LEBL
Hora: 14:47</description>
            <styleUrl>#1907</styleUrl>
            <LineString id="1905">
                <coordinates>24.96333333333333,60.31722222222223,0.0 2.0833,41.2974,0.0</coordinates>
            </LineString>
        </Placemark>
        <Placemark id="1910">
            <name>ECMBF (VLG)</name>
            <description>De: EDDN
A: LEBL
Hora: 14:49</description>
            <styleUrl>#1911</styleUrl>
            <LineString id="1909">
                <coordinates>11.078055555555554,49.49861111111111,0.0 2.0833,41.2974,0.0</coordinates>
            </LineString>
        </Placemark>
        <Placemark id="1914">
            <name>ECMLE (VLG)</name>
            <description>De: EHEH
A: LEBL
Hora: 14:52</description>
            <styleUrl>#1915</styleUrl>
            <LineString id="1913">
                <coordinates>5.374444444444444,51.45,0.0 2.0833,41.2974,0.0</coordinates>
            </LineString>
        </Placemark>
        <Placemark id="1918">
            <name>ECMHB (VLG)</name>
            <description>De: EDDS
A: LEBL
Hora: 14:54</description>
            <styleUrl>#1919</styleUrl>
            <LineString id="1917">
                <coordinates>9.221944444444444,48.69,0.0 2.0833,41.2974,0.0</coordinates>
            </LineString>
        </Placemark>
        <Placemark id="1922">
            <name>TCJIP (THY)</name>
            <description>De: LTBA
A: LEBL
Hora: 14:58</description>
            <styleUrl>#1923</styleUrl>
            <LineString id="1921">
                <coordinates>28.81416666666667,40.976111111111116,0.0 2.0833,41.2974,0.0</coordinates>
            </LineString>
        </Placemark>
        <Placemark id="1926">
            <name>TCDCF (PGT)</name>
            <description>De: LTFJ
A: LEBL
Hora: 15:01</description>
            <styleUrl>#1927</styleUrl>
            <LineString id="1925">
                <coordinates>29.309166666666666,40.89833333333333,0.0 2.0833,41.2974,0.0</coordinates>
            </LineString>
        </Placemark>
        <Placemark id="1930">
            <name>ECLZN (VLG)</name>
            <description>De: EGNT
A: LEBL
Hora: 15:04</description>
            <styleUrl>#1931</styleUrl>
            <LineString id="1929">
                <coordinates>-1.6897222222222223,55.03805555555555,0.0 2.0833,41.2974,0.0</coordinates>
            </LineString>
        </Placemark>
        <Placemark id="1934">
            <name>IBIXS (AZA)</name>
            <description>De: LIRF
A: LEBL
Hora: 15:06</description>
            <styleUrl>#1935</styleUrl>
            <LineString id="1933">
                <coordinates>12.238888888888889,41.80027777777777,0.0 2.0833,41.2974,0.0</coordinates>
            </LineString>
        </Placemark>
        <Placemark id="1938">
            <name>VPBAS (KTK)</name>
            <description>De: UUDD
A: LEBL
Hora: 15:08</description>
            <styleUrl>#1939</styleUrl>
            <LineString id="1937">
                <coordinates>37.906388888888884,55.40861111111111,0.0 2.0833,41.2974,0.0</coordinates>
            </LineString>
        </Placemark>
        <Placemark id="1942">
            <name>ECMBS (VLG)</name>
            <description>De: LEZL
A: LEBL
Hora: 15:10</description>
            <styleUrl>#1943</styleUrl>
            <LineString id="1941">
                <coordinates>-5.898888888888888,37.418055555555554,0.0 2.0833,41.2974,0.0</coordinates>
            </LineString>
        </Placemark>
        <Placemark id="1946">
            <name>ECJFF (VLG)</name>
            <description>De: GCFV
A: LEBL
Hora: 15:11</description>
            <styleUrl>#1947</styleUrl>
            <LineString id="1945">
                <coordinates>-13.863888888888889,28.452777777777776,0.0 2.0833,41.2974,0.0</coordinates>
            </LineString>
        </Placemark>
        <Placemark id="1950">
            <name>LNRRG (SAS)</name>
            <description>De: ENGM
A: LEBL
Hora: 15:13</description>
            <styleUrl>#1951</styleUrl>
            <LineString id="1949">
                <coordinates>11.08388888888889,60.20277777777778,0.0 2.0833,41.2974,0.0</coordinates>
            </LineString>
        </Placemark>
        <Placemark id="1954">
            <name>ECJTQ (VLG)</name>
            <description>De: LFPG
A: LEBL
Hora: 15:15</description>
            <styleUrl>#1955</styleUrl>
            <LineString id="1953">
                <coordinates>2.5477777777777777,49.00972222222222,0.0 2.0833,41.2974,0.0</coordinates>
            </LineString>
        </Placemark>
        <Placemark id="1958">
            <name>ECLQK (VLG)</name>
            <description>De: LEGR
A: LEBL
Hora: 15:17</description>
            <styleUrl>#1959</styleUrl>
            <LineString id="1957">
                <coordinates>-3.777222222222222,37.18861111111111,0.0 2.0833,41.2974,0.0</coordinates>
            </LineString>
        </Placemark>
        <Placemark id="1962">
            <name>ECMKX (VLG)</name>
            <description>De: LFPO
A: LEBL
Hora: 15:20</description>
            <styleUrl>#1963</styleUrl>
            <LineString id="1961">
                <coordinates>2.3794444444444447,48.723333333333336,0.0 2.0833,41.2974,0.0</coordinates>
            </LineString>
        </Placemark>
        <Placemark id="1966">
            <name>ECLVO (VLG)</name>
            <description>De: LEMH
A: LEBL
Hora: 15:21</description>
            <styleUrl>#1967</styleUrl>
            <LineString id="1965">
                <coordinates>4.2186111111111115,39.862500000000004,0.0 2.0833,41.2974,0.0</coordinates>
            </LineString>
        </Placemark>
        <Placemark id="1970">
            <name>N483CM (ZZZ)</name>
            <description>De: LDDU
A: LEBL
Hora: 15:24</description>
            <styleUrl>#1971</styleUrl>
            <LineString id="1969">
                <coordinates>18.26833333333333,42.561388888888885,0.0 2.0833,41.2974,0.0</coordinates>
            </LineString>
        </Placemark>
        <Placemark id="1974">
            <name>FHEPB (AFR)</name>
            <description>De: LFPG
A: LEBL
Hora: 15:26</description>
            <styleUrl>#1975</styleUrl>
            <LineString id="1973">
                <coordinates>2.5477777777777777,49.00972222222222,0.0 2.0833,41.2974,0.0</coordinates>
            </LineString>
        </Placemark>
        <Placemark id="1978">
            <name>ECMBY (VLG)</name>
            <description>De: EGGP
A: LEBL
Hora: 15:28</description>
            <styleUrl>#1979</styleUrl>
            <LineString id="1977">
                <coordinates>-2.8497222222222223,53.33361111111111,0.0 2.0833,41.2974,0.0</coordinates>
            </LineString>
        </Placemark>
        <Placemark id="1982">
            <name>ECMKM (VLG)</name>
            <description>De: LEAL
A: LEBL
Hora: 15:29</description>
            <styleUrl>#1983</styleUrl>
            <LineString id="1981">
                <coordinates>-0.5580555555555556,38.282222222222224,0.0 2.0833,41.2974,0.0</coordinates>
            </LineString>
        </Placemark>
        <Placemark id="1986">
            <name>DIERF (DIE)</name>
            <description>De: EDDN
A: LEBL
Hora: 15:32</description>
            <styleUrl>#1987</styleUrl>
            <LineString id="1985">
                <coordinates>11.078055555555554,49.49861111111111,0.0 2.0833,41.2974,0.0</coordinates>
            </LineString>
        </Placemark>
        <Placemark id="1990">
            <name>DAIRD (DLH)</name>
            <description>De: EDDM
A: LEBL
Hora: 15:33</description>
            <styleUrl>#1991</styleUrl>
            <LineString id="1989">
                <coordinates>11.786111111111111,48.35388888888889,0.0 2.0833,41.2974,0.0</coordinates>
            </LineString>
        </Placemark>
        <Placemark id="1994">
            <name>ECJFN (IBE)</name>
            <description>De: LEMD
A: LEBL
Hora: 15:38</description>
            <styleUrl>#1995</styleUrl>
            <LineString id="1993">
                <coordinates>-3.560833333333333,40.47222222222222,0.0 2.0833,41.2974,0.0</coordinates>
            </LineString>
        </Placemark>
        <Placemark id="1998">
            <name>HBIOH (SWR)</name>
            <description>De: LSZH
A: LEBL
Hora: 15:43</description>
            <styleUrl>#1999</styleUrl>
            <LineString id="1997">
                <coordinates>8.548055555555555,47.45805555555556,0.0 2.0833,41.2974,0.0</coordinates>
            </LineString>
        </Placemark>
        <Placemark id="2002">
            <name>ECKCU (VLG)</name>
            <description>De: EBBR
A: LEBL
Hora: 15:46</description>
            <styleUrl>#2003</styleUrl>
            <LineString id="2001">
                <coordinates>4.484444444444445,50.90138888888889,0.0 2.0833,41.2974,0.0</coordinates>
            </LineString>
        </Placemark>
        <Placemark id="2006">
            <name>EIDHT (RYR)</name>
            <description>De: LEIB
A: LEBL
Hora: 15:48</description>
            <styleUrl>#2007</styleUrl>
            <LineString id="2005">
                <coordinates>1.3730555555555557,38.87277777777778,0.0 2.0833,41.2974,0.0</coordinates>
            </LineString>
        </Placemark>
        <Placemark id="2010">
            <name>ECLZF (VLG)</name>
            <description>De: LEBB
A: LEBL
Hora: 15:50</description>
            <styleUrl>#2011</styleUrl>
            <LineString id="2009">
                <coordinates>-2.9105555555555553,43.301111111111105,0.0 2.0833,41.2974,0.0</coordinates>
            </LineString>
        </Placemark>
        <Placemark id="2014">
            <name>GTTOE (BAW)</name>
            <description>De: EGLL
A: LEBL
Hora: 15:52</description>
            <styleUrl>#2015</styleUrl>
            <LineString id="2013">
                <coordinates>-0.4613888888888889,51.4775,0.0 2.0833,41.2974,0.0</coordinates>
            </LineString>
        </Placemark>
        <Placemark id="2018">
            <name>ECLAA (VLG)</name>
            <description>De: EDDH
A: LEBL
Hora: 15:54</description>
            <styleUrl>#2019</styleUrl>
            <LineString id="2017">
                <coordinates>9.988333333333333,53.63027777777778,0.0 2.0833,41.2974,0.0</coordinates>
            </LineString>
        </Placemark>
        <Placemark id="2022">
            <name>EIEPG (RYR)</name>
            <description>De: EGGP
A: LEBL
Hora: 15:55</description>
            <styleUrl>#2023</styleUrl>
            <LineString id="2021">
                <coordinates>-2.8497222222222223,53.33361111111111,0.0 2.0833,41.2974,0.0</coordinates>
            </LineString>
        </Placemark>
        <Placemark id="2026">
            <name>ECMKN (VLG)</name>
            <description>De: EDDV
A: LEBL
Hora: 15:57</description>
            <styleUrl>#2027</styleUrl>
            <LineString id="2025">
                <coordinates>9.68361111111111,52.46027777777778,0.0 2.0833,41.2974,0.0</coordinates>
            </LineString>
        </Placemark>
        <Placemark id="2030">
            <name>ECHHA (VLG)</name>
            <description>De: LEIB
A: LEBL
Hora: 15:59</description>
            <styleUrl>#2031</styleUrl>
            <LineString id="2029">
                <coordinates>1.3730555555555557,38.87277777777778,0.0 2.0833,41.2974,0.0</coordinates>
            </LineString>
        </Placemark>
        <Placemark id="2034">
            <name>ECLXV (AEA)</name>
            <description>De: LEPA
A: LEBL
Hora: 16:00</description>
            <styleUrl>#2035</styleUrl>
            <LineString id="2033">
                <coordinates>2.738888888888889,39.55166666666666,0.0 2.0833,41.2974,0.0</coordinates>
            </LineString>
        </Placemark>
        <Placemark id="2038">
            <name>CNRGG (RAM)</name>
            <description>De: GMMN
A: LEBL
Hora: 16:02</description>
            <styleUrl>#2039</styleUrl>
            <LineString id="2037">
                <coordinates>-7.581666666666666,33.36416666666667,0.0 2.0833,41.2974,0.0</coordinates>
            </LineString>
        </Placemark>
        <Placemark id="2042">
            <name>DAIDQ (DLH)</name>
            <description>De: EDDF
A: LEBL
Hora: 16:07</description>
            <styleUrl>#2043</styleUrl>
            <LineString id="2041">
                <coordinates>8.570555555555556,50.03333333333333,0.0 2.0833,41.2974,0.0</coordinates>
            </LineString>
        </Placemark>
        <Placemark id="2046">
            <name>GEZWZ (EZY)</name>
            <description>De: LFPG
A: LEBL
Hora: 16:08</description>
            <styleUrl>#2047</styleUrl>
            <LineString id="2045">
                <coordinates>2.5477777777777777,49.00972222222222,0.0 2.0833,41.2974,0.0</coordinates>
            </LineString>
        </Placemark>
        <Placemark id="2050">
            <name>ECMGZ (VLG)</name>
            <description>De: EGKK
A: LEBL
Hora: 16:10</description>
            <styleUrl>#2051</styleUrl>
            <LineString id="2049">
                <coordinates>-0.19027777777777777,51.14805555555556,0.0 2.0833,41.2974,0.0</coordinates>
            </LineString>
        </Placemark>
        <Placemark id="2054">
            <name>SXABE (VLG)</name>
            <description>De: LFBD
A: LEBL
Hora: 16:12</description>
            <styleUrl>#2055</styleUrl>
            <LineString id="2053">
                <coordinates>-0.7152777777777777,44.828611111111115,0.0 2.0833,41.2974,0.0</coordinates>
            </LineString>
        </Placemark>
        <Placemark id="2058">
            <name>ECMEQ (VLG)</name>
            <description>De: LPPT
A: LEBL
Hora: 16:13</description>
            <styleUrl>#2059</styleUrl>
            <LineString id="2057">
                <coordinates>-9.134166666666665,38.774166666666666,0.0 2.0833,41.2974,0.0</coordinates>
            </LineString>
        </Placemark>
        <Placemark id="2062">
            <name>GEZTA (EZY)</name>
            <description>De: EGKK
A: LEBL
Hora: 16:15</description>
            <styleUrl>#2063</styleUrl>
            <LineString id="2061">
                <coordinates>-0.19027777777777777,51.14805555555556,0.0 2.0833,41.2974,0.0</coordinates>
            </LineString>
        </Placemark>
        <Placemark id="2066">
            <name>ECLZE (VLG)</name>
            <description>De: LIPZ
A: LEBL
Hora: 16:17</description>
            <styleUrl>#2067</styleUrl>
            <LineString id="2065">
                <coordinates>12.351944444444444,45.50527777777778,0.0 2.0833,41.2974,0.0</coordinates>
            </LineString>
        </Placemark>
        <Placemark id="2070">
            <name>ECLRN (VLG)</name>
            <description>De: LICJ
A: LEBL
Hora: 16:19</description>
            <styleUrl>#2071</styleUrl>
            <LineString id="2069">
                <coordinates>13.099444444444446,38.18194444444444,0.0 2.0833,41.2974,0.0</coordinates>
            </LineString>
        </Placemark>
        <Placemark id="2074">
            <name>ECHQI (VLG)</name>
            <description>De: LIBD
A: LEBL
Hora: 16:21</description>
            <styleUrl>#2075</styleUrl>
            <LineString id="2073">
                <coordinates>16.765,41.13805555555555,0.0 2.0833,41.2974,0.0</coordinates>
            </LineString>
        </Placemark>
        <Placemark id="2078">
            <name>ECHQJ (VLG)</name>
            <description>De: LOWW
A: LEBL
Hora: 16:24</description>
            <styleUrl>#2079</styleUrl>
            <LineString id="2077">
                <coordinates>16.56972222222222,48.11027777777778,0.0 2.0833,41.2974,0.0</coordinates>
            </LineString>
        </Placemark>
        <Placemark id="2082">
            <name>ECMAI (VLG)</name>
            <description>De: LEIB
A: LEBL
Hora: 16:25</description>
            <styleUrl>#2083</styleUrl>
            <LineString id="2081">
                <coordinates>1.3730555555555557,38.87277777777778,0.0 2.0833,41.2974,0.0</coordinates>
            </LineString>
        </Placemark>
        <Placemark id="2086">
            <name>ECMLD (VLG)</name>
            <description>De: EDDM
A: LEBL
Hora: 16:27</description>
            <styleUrl>#2087</styleUrl>
            <LineString id="2085">
                <coordinates>11.786111111111111,48.35388888888889,0.0 2.0833,41.2974,0.0</coordinates>
            </LineString>
        </Placemark>
        <Placemark id="2090">
            <name>FGUGO (AFR)</name>
            <description>De: LFPG
A: LEBL
Hora: 16:29</description>
            <styleUrl>#2091</styleUrl>
            <LineString id="2089">
                <coordinates>2.5477777777777777,49.00972222222222,0.0 2.0833,41.2974,0.0</coordinates>
            </LineString>
        </Placemark>
        <Placemark id="2094">
            <name>ECMJR (VLG)</name>
            <description>De: LIRN
A: LEBL
Hora: 16:31</description>
            <styleUrl>#2095</styleUrl>
            <LineString id="2093">
                <coordinates>14.290833333333333,40.88444444444444,0.0 2.0833,41.2974,0.0</coordinates>
            </LineString>
        </Placemark>
        <Placemark id="2098">
            <name>ECLUN (VLG)</name>
            <description>De: LFML
A: LEBL
Hora: 16:33</description>
            <styleUrl>#2099</styleUrl>
            <LineString id="2097">
                <coordinates>5.215,43.43666666666666,0.0 2.0833,41.2974,0.0</coordinates>
            </LineString>
        </Placemark>
        <Placemark id="2102">
            <name>ECKRN (EXU)</name>
            <description>De: GMMX
A: LEBL
Hora: 16:35</description>
            <styleUrl>#2103</styleUrl>
            <LineString id="2101">
                <coordinates>-8.040833333333333,31.608611111111113,0.0 2.0833,41.2974,0.0</coordinates>
            </LineString>
        </Placemark>
        <Placemark id="2106">
            <name>EIDHG (RYR)</name>
            <description>De: LIRF
A: LEBL
Hora: 16:38</description>
            <styleUrl>#2107</styleUrl>
            <LineString id="2105">
                <coordinates>12.238888888888889,41.80027777777777,0.0 2.0833,41.2974,0.0</coordinates>
            </LineString>
        </Placemark>
        <Placemark id="2110">
            <name>GEZUM (EZY)</name>
            <description>De: LSGG
A: LEBL
Hora: 16:40</description>
            <styleUrl>#2111</styleUrl>
            <LineString id="2109">
                <coordinates>6.109444444444444,46.23833333333334,0.0 2.0833,41.2974,0.0</coordinates>
            </LineString>
        </Placemark>
        <Placemark id="2114">
            <name>ECLVP (VLG)</name>
            <description>De: LSGG
A: LEBL
Hora: 16:42</description>
            <styleUrl>#2115</styleUrl>
            <LineString id="2113">
                <coordinates>6.109444444444444,46.23833333333334,0.0 2.0833,41.2974,0.0</coordinates>
            </LineString>
        </Placemark>
        <Placemark id="2118">
            <name>ECIXD (IBE)</name>
            <description>De: LEMD
A: LEBL
Hora: 16:44</description>
            <styleUrl>#2119</styleUrl>
            <LineString id="2117">
                <coordinates>-3.560833333333333,40.47222222222222,0.0 2.0833,41.2974,0.0</coordinates>
            </LineString>
        </Placemark>
        <Placemark id="2122">
            <name>ECLZZ (VLG)</name>
            <description>De: LIRF
A: LEBL
Hora: 16:46</description>
            <styleUrl>#2123</styleUrl>
            <LineString id="2121">
                <coordinates>12.238888888888889,41.80027777777777,0.0 2.0833,41.2974,0.0</coordinates>
            </LineString>
        </Placemark>
        <Placemark id="2126">
            <name>PHBXE (KLM)</name>
            <description>De: EHAM
A: LEBL
Hora: 16:52</description>
            <styleUrl>#2127</styleUrl>
            <LineString id="2125">
                <coordinates>4.764166666666667,52.308055555555555,0.0 2.0833,41.2974,0.0</coordinates>
            </LineString>
        </Placemark>
        <Placemark id="2130">
            <name>ECLRM (VLG)</name>
            <description>De: EGFF
A: LEBL
Hora: 16:57</description>
            <styleUrl>#2131</styleUrl>
            <LineString id="2129">
                <coordinates>-3.3433333333333333,51.39666666666667,0.0 2.0833,41.2974,0.0</coordinates>
            </LineString>
        </Placemark>
        <Placemark id="2134">
            <name>ECMGY (VLG)</name>
            <description>De: LEIB
A: LEBL
Hora: 16:59</description>
            <styleUrl>#2135</styleUrl>
            <LineString id="2133">
                <coordinates>1.3730555555555557,38.87277777777778,0.0 2.0833,41.2974,0.0</coordinates>
            </LineString>
        </Placemark>
        <Placemark id="2138">
            <name>ECJYX (VLG)</name>
            <description>De: LEXJ
A: LEBL
Hora: 17:02</description>
            <styleUrl>#2139</styleUrl>
            <LineString id="2137">
                <coordinates>-3.82,43.426944444444445,0.0 2.0833,41.2974,0.0</coordinates>
            </LineString>
        </Placemark>
        <Placemark id="2142">
            <name>EIFIY (RYR)</name>
            <description>De: LEVD
A: LEBL
Hora: 17:04</description>
            <styleUrl>#2143</styleUrl>
            <LineString id="2141">
                <coordinates>-4.851944444444444,41.70611111111111,0.0 2.0833,41.2974,0.0</coordinates>
            </LineString>
        </Placemark>
        <Placemark id="2146">
            <name>DAICG (GWI)</name>
            <description>De: EDDS
A: LEBL
Hora: 17:06</description>
            <styleUrl>#2147</styleUrl>
            <LineString id="2145">
                <coordinates>9.221944444444444,48.69,0.0 2.0833,41.2974,0.0</coordinates>
            </LineString>
        </Placemark>
        <Placemark id="2150">
            <name>CSTPA (TAP)</name>
            <description>De: LPPT
A: LEBL
Hora: 17:08</description>
            <styleUrl>#2151</styleUrl>
            <LineString id="2149">
                <coordinates>-9.134166666666665,38.774166666666666,0.0 2.0833,41.2974,0.0</coordinates>
            </LineString>
        </Placemark>
        <Placemark id="2154">
            <name>EIDWK (RYR)</name>
            <description>De: LEMH
A: LEBL
Hora: 17:10</description>
            <styleUrl>#2155</styleUrl>
            <LineString id="2153">
                <coordinates>4.2186111111111115,39.862500000000004,0.0 2.0833,41.2974,0.0</coordinates>
            </LineString>
        </Placemark>
        <Placemark id="2158">
            <name>GOZBW (MON)</name>
            <description>De: EGNM
A: LEBL
Hora: 17:13</description>
            <styleUrl>#2159</styleUrl>
            <LineString id="2157">
                <coordinates>-1.6608333333333332,53.86611111111111,0.0 2.0833,41.2974,0.0</coordinates>
            </LineString>
        </Placemark>
        <Placemark id="2162">
            <name>ECMMH (VLG)</name>
            <description>De: GCXO
A: LEBL
Hora: 17:14</description>
            <styleUrl>#2163</styleUrl>
            <LineString id="2161">
                <coordinates>-16.341666666666665,28.482777777777777,0.0 2.0833,41.2974,0.0</coordinates>
            </LineString>
        </Placemark>
        <Placemark id="2166">
            <name>EIDHX (RYR)</name>
            <description>De: EGSS
A: LEBL
Hora: 17:15</description>
            <styleUrl>#2167</styleUrl>
            <LineString id="2165">
                <coordinates>0.23500000000000001,51.885,0.0 2.0833,41.2974,0.0</coordinates>
            </LineString>
        </Placemark>
        <Placemark id="2170">
            <name>EIDHO (RYR)</name>
            <description>De: ESKN
A: LEBL
Hora: 17:17</description>
            <styleUrl>#2171</styleUrl>
            <LineString id="2169">
                <coordinates>16.90361111111111,58.78861111111111,0.0 2.0833,41.2974,0.0</coordinates>
            </LineString>
        </Placemark>
        <Placemark id="2174">
            <name>ECMHS (VLG)</name>
            <description>De: GCRR
A: LEBL
Hora: 17:18</description>
            <styleUrl>#2175</styleUrl>
            <LineString id="2173">
                <coordinates>-13.605277777777777,28.945555555555554,0.0 2.0833,41.2974,0.0</coordinates>
            </LineString>
        </Placemark>
        <Placemark id="2178">
            <name>DAISL (DLH)</name>
            <description>De: EDDF
A: LEBL
Hora: 17:20</description>
            <styleUrl>#2179</styleUrl>
            <LineString id="2177">
                <coordinates>8.570555555555556,50.03333333333333,0.0 2.0833,41.2974,0.0</coordinates>
            </LineString>
        </Placemark>
        <Placemark id="2182">
            <name>HALPX (WZZ)</name>
            <description>De: LRCL
A: LEBL
Hora: 17:21</description>
            <styleUrl>#2183</styleUrl>
            <LineString id="2181">
                <coordinates>23.692222222222224,46.78916666666667,0.0 2.0833,41.2974,0.0</coordinates>
            </LineString>
        </Placemark>
        <Placemark id="2186">
            <name>HALWY (WZZ)</name>
            <description>De: EVRA
A: LEBL
Hora: 17:23</description>
            <styleUrl>#2187</styleUrl>
            <LineString id="2185">
                <coordinates>23.97111111111111,56.92361111111111,0.0 2.0833,41.2974,0.0</coordinates>
            </LineString>
        </Placemark>
        <Placemark id="2190">
            <name>ECJFT (HSY)</name>
            <description>De: LEPA
A: LEBL
Hora: 17:25</description>
            <styleUrl>#2191</styleUrl>
            <LineString id="2189">
                <coordinates>2.738888888888889,39.55166666666666,0.0 2.0833,41.2974,0.0</coordinates>
            </LineString>
        </Placemark>
        <Placemark id="2194">
            <name>LNDYP (NAX)</name>
            <description>De: ESSA
A: LEBL
Hora: 17:26</description>
            <styleUrl>#2195</styleUrl>
            <LineString id="2193">
                <coordinates>17.91861111111111,59.651944444444446,0.0 2.0833,41.2974,0.0</coordinates>
            </LineString>
        </Placemark>
        <Placemark id="2198">
            <name>DABZA (BER)</name>
            <description>De: EDDL
A: LEBL
Hora: 17:27</description>
            <styleUrl>#2199</styleUrl>
            <LineString id="2197">
                <coordinates>6.7572222222222225,51.280833333333334,0.0 2.0833,41.2974,0.0</coordinates>
            </LineString>
        </Placemark>
        <Placemark id="2202">
            <name>GEZIM (EZY)</name>
            <description>De: EDDB
A: LEBL
Hora: 17:29</description>
            <styleUrl>#2203</styleUrl>
            <LineString id="2201">
                <coordinates>13.500555555555556,52.36222222222222,0.0 2.0833,41.2974,0.0</coordinates>
            </LineString>
        </Placemark>
        <Placemark id="2206">
            <name>ECLQM (VLG)</name>
            <description>De: EDDT
A: LEBL
Hora: 17:30</description>
            <styleUrl>#2207</styleUrl>
            <LineString id="2205">
                <coordinates>13.287777777777778,52.55972222222222,0.0 2.0833,41.2974,0.0</coordinates>
            </LineString>
        </Placemark>
        <Placemark id="2210">
            <name>DAIQK (GWI)</name>
            <description>De: EDDK
A: LEBL
Hora: 17:32</description>
            <styleUrl>#2211</styleUrl>
            <LineString id="2209">
                <coordinates>7.142777777777778,50.865833333333335,0.0 2.0833,41.2974,0.0</coordinates>
            </LineString>
        </Placemark>
        <Placemark id="2214">
            <name>ECLRG (VLG)</name>
            <description>De: EGNM
A: LEBL
Hora: 17:33</description>
            <styleUrl>#2215</styleUrl>
            <LineString id="2213">
                <coordinates>-1.6608333333333332,53.86611111111111,0.0 2.0833,41.2974,0.0</coordinates>
            </LineString>
        </Placemark>
        <Placemark id="2218">
            <name>ECMFB (VLG)</name>
            <description>De: ENGM
A: LEBL
Hora: 17:35</description>
            <styleUrl>#2219</styleUrl>
            <LineString id="2217">
                <coordinates>11.08388888888889,60.20277777777778,0.0 2.0833,41.2974,0.0</coordinates>
            </LineString>
        </Placemark>
        <Placemark id="2222">
            <name>ECMLM (VLG)</name>
            <description>De: LFPO
A: LEBL
Hora: 17:37</description>
            <styleUrl>#2223</styleUrl>
            <LineString id="2221">
                <coordinates>2.3794444444444447,48.723333333333336,0.0 2.0833,41.2974,0.0</coordinates>
            </LineString>
        </Placemark>
        <Placemark id="2226">
            <name>DASXJ (EWG)</name>
            <description>De: EDDL
A: LEBL
Hora: 17:38</description>
            <styleUrl>#2227</styleUrl>
            <LineString id="2225">
                <coordinates>6.7572222222222225,51.280833333333334,0.0 2.0833,41.2974,0.0</coordinates>
            </LineString>
        </Placemark>
        <Placemark id="2230">
            <name>ECMMU (VLG)</name>
            <description>De: GCLP
A: LEBL
Hora: 17:40</description>
            <styleUrl>#2231</styleUrl>
            <LineString id="2229">
                <coordinates>-15.386666666666667,27.931944444444447,0.0 2.0833,41.2974,0.0</coordinates>
            </LineString>
        </Placemark>
        <Placemark id="2234">
            <name>ECLUT (AEA)</name>
            <description>De: GCXO
A: LEBL
Hora: 17:41</description>
            <styleUrl>#2235</styleUrl>
            <LineString id="2233">
                <coordinates>-16.341666666666665,28.482777777777777,0.0 2.0833,41.2974,0.0</coordinates>
            </LineString>
        </Placemark>
        <Placemark id="2238">
            <name>HBIOM (SWR)</name>
            <description>De: LSZH
A: LEBL
Hora: 17:43</description>
            <styleUrl>#2239</styleUrl>
            <LineString id="2237">
                <coordinates>8.548055555555555,47.45805555555556,0.0 2.0833,41.2974,0.0</coordinates>
            </LineString>
        </Placemark>
        <Placemark id="2242">
            <name>ECMEA (VLG)</name>
            <description>De: LIMC
A: LEBL
Hora: 17:44</description>
            <styleUrl>#2243</styleUrl>
            <LineString id="2241">
                <coordinates>8.723055555555556,45.63,0.0 2.0833,41.2974,0.0</coordinates>
            </LineString>
        </Placemark>
        <Placemark id="2246">
            <name>FGRXE (AFR)</name>
            <description>De: LFPG
A: LEBL
Hora: 17:46</description>
            <styleUrl>#2247</styleUrl>
            <LineString id="2245">
                <coordinates>2.5477777777777777,49.00972222222222,0.0 2.0833,41.2974,0.0</coordinates>
            </LineString>
        </Placemark>
        <Placemark id="2250">
            <name>GEUUT (BAW)</name>
            <description>De: EGLL
A: LEBL
Hora: 17:47</description>
            <styleUrl>#2251</styleUrl>
            <LineString id="2249">
                <coordinates>-0.4613888888888889,51.4775,0.0 2.0833,41.2974,0.0</coordinates>
            </LineString>
        </Placemark>
        <Placemark id="2254">
            <name>ECLQN (VLG)</name>
            <description>De: LSZH
A: LEBL
Hora: 17:49</description>
            <styleUrl>#2255</styleUrl>
            <LineString id="2253">
                <coordinates>8.548055555555555,47.45805555555556,0.0 2.0833,41.2974,0.0</coordinates>
            </LineString>
        </Placemark>
        <Placemark id="2258">
            <name>LYVEV (VLG)</name>
            <description>De: LEPA
A: LEBL
Hora: 17:50</description>
            <styleUrl>#2259</styleUrl>
            <LineString id="2257">
                <coordinates>2.738888888888889,39.55166666666666,0.0 2.0833,41.2974,0.0</coordinates>
            </LineString>
        </Placemark>
        <Placemark id="2262">
            <name>ECJTR (VLG)</name>
            <description>De: LEMH
A: LEBL
Hora: 17:54</description>
            <styleUrl>#2263</styleUrl>
            <LineString id="2261">
                <coordinates>4.2186111111111115,39.862500000000004,0.0 2.0833,41.2974,0.0</coordinates>
            </LineString>
        </Placemark>
        <Placemark id="2266">
            <name>9HVMK (LWG)</name>
            <description>De: LIPZ
A: LEBL
Hora: 17:56</description>
            <styleUrl>#2267</styleUrl>
            <LineString id="2265">
                <coordinates>12.351944444444444,45.50527777777778,0.0 2.0833,41.2974,0.0</coordinates>
            </LineString>
        </Placemark>
        <Placemark id="2270">
            <name>ECMKV (VLG)</name>
            <description>De: LESO
A: LEBL
Hora: 17:58</description>
            <styleUrl>#2271</styleUrl>
            <LineString id="2269">
                <coordinates>-1.7905555555555555,43.35638888888889,0.0 2.0833,41.2974,0.0</coordinates>
            </LineString>
        </Placemark>
        <Placemark id="2274">
            <name>CGDEJ (TRA)</name>
            <description>De: EHRD
A: LEBL
Hora: 17:59</description>
            <styleUrl>#2275</styleUrl>
            <LineString id="2273">
                <coordinates>4.437222222222222,51.956944444444446,0.0 2.0833,41.2974,0.0</coordinates>
            </LineString>
        </Placemark>
        <Placemark id="2278">
            <name>ECHUH (IBE)</name>
            <description>De: LEMD
A: LEBL
Hora: 18:00</description>
            <styleUrl>#2279</styleUrl>
            <LineString id="2277">
                <coordinates>-3.560833333333333,40.47222222222222,0.0 2.0833,41.2974,0.0</coordinates>
            </LineString>
        </Placemark>
        <Placemark id="2282">
            <name>ECLLM (VLG)</name>
            <description>De: LEIB
A: LEBL
Hora: 18:02</description>
            <styleUrl>#2283</styleUrl>
            <LineString id="2281">
                <coordinates>1.3730555555555557,38.87277777777778,0.0 2.0833,41.2974,0.0</coordinates>
            </LineString>
        </Placemark>
        <Placemark id="2286">
            <name>OEIEW (EWG)</name>
            <description>De: LOWW
A: LEBL
Hora: 18:03</description>
            <styleUrl>#2287</styleUrl>
            <LineString id="2285">
                <coordinates>16.56972222222222,48.11027777777778,0.0 2.0833,41.2974,0.0</coordinates>
            </LineString>
        </Placemark>
        <Placemark id="2290">
            <name>ECLLJ (VLG)</name>
            <description>De: LEIB
A: LEBL
Hora: 18:05</description>
            <styleUrl>#2291</styleUrl>
            <LineString id="2289">
                <coordinates>1.3730555555555557,38.87277777777778,0.0 2.0833,41.2974,0.0</coordinates>
            </LineString>
        </Placemark>
        <Placemark id="2294">
            <name>EIEFN (RYR)</name>
            <description>De: EBBR
A: LEBL
Hora: 18:08</description>
            <styleUrl>#2295</styleUrl>
            <LineString id="2293">
                <coordinates>4.484444444444445,50.90138888888889,0.0 2.0833,41.2974,0.0</coordinates>
            </LineString>
        </Placemark>
        <Placemark id="2298">
            <name>GEZEG (EZY)</name>
            <description>De: EGKK
A: LEBL
Hora: 18:10</description>
            <styleUrl>#2299</styleUrl>
            <LineString id="2297">
                <coordinates>-0.19027777777777777,51.14805555555556,0.0 2.0833,41.2974,0.0</coordinates>
            </LineString>
        </Placemark>
        <Placemark id="2302">
            <name>EIDCM (RYR)</name>
            <description>De: LIRF
A: LEBL
Hora: 18:11</description>
            <styleUrl>#2303</styleUrl>
            <LineString id="2301">
                <coordinates>12.238888888888889,41.80027777777777,0.0 2.0833,41.2974,0.0</coordinates>
            </LineString>
        </Placemark>
        <Placemark id="2306">
            <name>A7ACD (QTR)</name>
            <description>De: OTHH
A: LEBL
Hora: 18:13</description>
            <styleUrl>#2307</styleUrl>
            <LineString id="2305">
                <coordinates>51.608333333333334,25.274444444444445,0.0 2.0833,41.2974,0.0</coordinates>
            </LineString>
        </Placemark>
        <Placemark id="2310">
            <name>7TVJM (DAH)</name>
            <description>De: DAAG
A: LEBL
Hora: 18:14</description>
            <styleUrl>#2311</styleUrl>
            <LineString id="2309">
                <coordinates>3.2144444444444447,36.693888888888885,0.0 2.0833,41.2974,0.0</coordinates>
            </LineString>
        </Placemark>
        <Placemark id="2314">
            <name>EIDAE (RYR)</name>
            <description>De: LEVX
A: LEBL
Hora: 18:16</description>
            <styleUrl>#2315</styleUrl>
            <LineString id="2313">
                <coordinates>-8.627500000000001,42.22916666666667,0.0 2.0833,41.2974,0.0</coordinates>
            </LineString>
        </Placemark>
        <Placemark id="2318">
            <name>HBJYK (EZS)</name>
            <description>De: LSGG
A: LEBL
Hora: 18:17</description>
            <styleUrl>#2319</styleUrl>
            <LineString id="2317">
                <coordinates>6.109444444444444,46.23833333333334,0.0 2.0833,41.2974,0.0</coordinates>
            </LineString>
        </Placemark>
        <Placemark id="2322">
            <name>HALYG (WZZ)</name>
            <description>De: EPKT
A: LEBL
Hora: 18:19</description>
            <styleUrl>#2323</styleUrl>
            <LineString id="2321">
                <coordinates>19.08,50.47416666666667,0.0 2.0833,41.2974,0.0</coordinates>
            </LineString>
        </Placemark>
        <Placemark id="2326">
            <name>GEZBU (EZY)</name>
            <description>De: EGMC
A: LEBL
Hora: 18:21</description>
            <styleUrl>#2327</styleUrl>
            <LineString id="2325">
                <coordinates>0.6933333333333334,51.57027777777778,0.0 2.0833,41.2974,0.0</coordinates>
            </LineString>
        </Placemark>
        <Placemark id="2330">
            <name>OHLZB (FIN)</name>
            <description>De: EFHK
A: LEBL
Hora: 18:22</description>
            <styleUrl>#2331</styleUrl>
            <LineString id="2329">
                <coordinates>24.96333333333333,60.31722222222223,0.0 2.0833,41.2974,0.0</coordinates>
            </LineString>
        </Placemark>
        <Placemark id="2334">
            <name>GEUYC (BAW)</name>
            <description>De: EGLL
A: LEBL
Hora: 18:24</description>
            <styleUrl>#2335</styleUrl>
            <LineString id="2333">
                <coordinates>-0.4613888888888889,51.4775,0.0 2.0833,41.2974,0.0</coordinates>
            </LineString>
        </Placemark>
        <Placemark id="2338">
            <name>HBJYE (EZS)</name>
            <description>De: LFSB
A: LEBL
Hora: 18:26</description>
            <styleUrl>#2339</styleUrl>
            <LineString id="2337">
                <coordinates>7.529166666666667,47.59,0.0 2.0833,41.2974,0.0</coordinates>
            </LineString>
        </Placemark>
        <Placemark id="2342">
            <name>ECMBK (VLG)</name>
            <description>De: LEIB
A: LEBL
Hora: 18:28</description>
            <styleUrl>#2343</styleUrl>
            <LineString id="2341">
                <coordinates>1.3730555555555557,38.87277777777778,0.0 2.0833,41.2974,0.0</coordinates>
            </LineString>
        </Placemark>
        <Placemark id="2346">
            <name>A6EEH (UAE)</name>
            <description>De: OMDB
A: LEBL
Hora: 18:30</description>
            <styleUrl>#2347</styleUrl>
            <LineString id="2345">
                <coordinates>55.36,25.249166666666667,0.0 2.0833,41.2974,0.0</coordinates>
            </LineString>
        </Placemark>
        <Placemark id="2350">
            <name>OELEF (NLY)</name>
            <description>De: LOWW
A: LEBL
Hora: 18:33</description>
            <styleUrl>#2351</styleUrl>
            <LineString id="2349">
                <coordinates>16.56972222222222,48.11027777777778,0.0 2.0833,41.2974,0.0</coordinates>
            </LineString>
        </Placemark>
        <Placemark id="2354">
            <name>OOSSK (BEL)</name>
            <description>De: EBBR
A: LEBL
Hora: 18:35</description>
            <styleUrl>#2355</styleUrl>
            <LineString id="2353">
                <coordinates>4.484444444444445,50.90138888888889,0.0 2.0833,41.2974,0.0</coordinates>
            </LineString>
        </Placemark>
        <Placemark id="2358">
            <name>ECLML (VLG)</name>
            <description>De: LFLL
A: LEBL
Hora: 18:36</description>
            <styleUrl>#2359</styleUrl>
            <LineString id="2357">
                <coordinates>5.0811111111111105,45.72555555555556,0.0 2.0833,41.2974,0.0</coordinates>
            </LineString>
        </Placemark>
        <Placemark id="2362">
            <name>EIEFI (RYR)</name>
            <description>De: EIDW
A: LEBL
Hora: 18:39</description>
            <styleUrl>#2363</styleUrl>
            <LineString id="2361">
                <coordinates>-6.27,53.421388888888885,0.0 2.0833,41.2974,0.0</coordinates>
            </LineString>
        </Placemark>
        <Placemark id="2366">
            <name>HBIJQ (SWR)</name>
            <description>De: LSGG
A: LEBL
Hora: 18:42</description>
            <styleUrl>#2367</styleUrl>
            <LineString id="2365">
                <coordinates>6.109444444444444,46.23833333333334,0.0 2.0833,41.2974,0.0</coordinates>
            </LineString>
        </Placemark>
        <Placemark id="2370">
            <name>GEZFY (EZY)</name>
            <description>De: EGNT
A: LEBL
Hora: 18:44</description>
            <styleUrl>#2371</styleUrl>
            <LineString id="2369">
                <coordinates>-1.6897222222222223,55.03805555555555,0.0 2.0833,41.2974,0.0</coordinates>
            </LineString>
        </Placemark>
        <Placemark id="2374">
            <name>CSTRN (VLG)</name>
            <description>De: ESSA
A: LEBL
Hora: 18:46</description>
            <styleUrl>#2375</styleUrl>
            <LineString id="2373">
                <coordinates>17.91861111111111,59.651944444444446,0.0 2.0833,41.2974,0.0</coordinates>
            </LineString>
        </Placemark>
        <Placemark id="2378">
            <name>EIDHB (RYR)</name>
            <description>De: LEZL
A: LEBL
Hora: 18:48</description>
            <styleUrl>#2379</styleUrl>
            <LineString id="2377">
                <coordinates>-5.898888888888888,37.418055555555554,0.0 2.0833,41.2974,0.0</coordinates>
            </LineString>
        </Placemark>
        <Placemark id="2382">
            <name>FGZHY (TVF)</name>
            <description>De: LFPO
A: LEBL
Hora: 18:49</description>
            <styleUrl>#2383</styleUrl>
            <LineString id="2381">
                <coordinates>2.3794444444444447,48.723333333333336,0.0 2.0833,41.2974,0.0</coordinates>
            </LineString>
        </Placemark>
        <Placemark id="2386">
            <name>EIDHH (RYR)</name>
            <description>De: GCRR
A: LEBL
Hora: 18:51</description>
            <styleUrl>#2387</styleUrl>
            <LineString id="2385">
                <coordinates>-13.605277777777777,28.945555555555554,0.0 2.0833,41.2974,0.0</coordinates>
            </LineString>
        </Placemark>
        <Placemark id="2390">
            <name>ECJBX (SWT)</name>
            <description>De: LEPA
A: LEBL
Hora: 18:54</description>
            <styleUrl>#2391</styleUrl>
            <LineString id="2389">
                <coordinates>2.738888888888889,39.55166666666666,0.0 2.0833,41.2974,0.0</coordinates>
            </LineString>
        </Placemark>
        <Placemark id="2394">
            <name>ECLVS (VLG)</name>
            <description>De: LEMG
A: LEBL
Hora: 18:55</description>
            <styleUrl>#2395</styleUrl>
            <LineString id="2393">
                <coordinates>-4.4991666666666665,36.675,0.0 2.0833,41.2974,0.0</coordinates>
            </LineString>
        </Placemark>
        <Placemark id="2398">
            <name>HALYL (WZZ)</name>
            <description>De: LWSK
A: LEBL
Hora: 18:57</description>
            <styleUrl>#2399</styleUrl>
            <LineString id="2397">
                <coordinates>21.62138888888889,41.961666666666666,0.0 2.0833,41.2974,0.0</coordinates>
            </LineString>
        </Placemark>
        <Placemark id="2402">
            <name>EIDWA (RYR)</name>
            <description>De: EGPK
A: LEBL
Hora: 18:58</description>
            <styleUrl>#2403</styleUrl>
            <LineString id="2401">
                <coordinates>-4.594444444444444,55.50944444444445,0.0 2.0833,41.2974,0.0</coordinates>
            </LineString>
        </Placemark>
        <Placemark id="2406">
            <name>ECJPK (GES)</name>
            <description>De: LEMD
A: LEBL
Hora: 19:00</description>
            <styleUrl>#2407</styleUrl>
            <LineString id="2405">
                <coordinates>-3.560833333333333,40.47222222222222,0.0 2.0833,41.2974,0.0</coordinates>
            </LineString>
        </Placemark>
        <Placemark id="2410">
            <name>ECLST (AEA)</name>
            <description>De: LEMH
A: LEBL
Hora: 19:03</description>
            <styleUrl>#2411</styleUrl>
            <LineString id="2409">
                <coordinates>4.2186111111111115,39.862500000000004,0.0 2.0833,41.2974,0.0</coordinates>
            </LineString>
        </Placemark>
        <Placemark id="2414">
            <name>ECLOB (VLG)</name>
            <description>De: EHAM
A: LEBL
Hora: 19:05</description>
            <styleUrl>#2415</styleUrl>
            <LineString id="2413">
                <coordinates>4.764166666666667,52.308055555555555,0.0 2.0833,41.2974,0.0</coordinates>
            </LineString>
        </Placemark>
        <Placemark id="2418">
            <name>ECJTQ (VLG)</name>
            <description>De: LEVD
A: LEBL
Hora: 19:07</description>
            <styleUrl>#2419</styleUrl>
            <LineString id="2417">
                <coordinates>-4.851944444444444,41.70611111111111,0.0 2.0833,41.2974,0.0</coordinates>
            </LineString>
        </Placemark>
        <Placemark id="2422">
            <name>GEZFG (EZY)</name>
            <description>De: EGGP
A: LEBL
Hora: 19:09</description>
            <styleUrl>#2423</styleUrl>
            <LineString id="2421">
                <coordinates>-2.8497222222222223,53.33361111111111,0.0 2.0833,41.2974,0.0</coordinates>
            </LineString>
        </Placemark>
        <Placemark id="2426">
            <name>EIDLH (RYR)</name>
            <description>De: GCLP
A: LEBL
Hora: 19:11</description>
            <styleUrl>#2427</styleUrl>
            <LineString id="2425">
                <coordinates>-15.386666666666667,27.931944444444447,0.0 2.0833,41.2974,0.0</coordinates>
            </LineString>
        </Placemark>
        <Placemark id="2430">
            <name>ECJGM (VLG)</name>
            <description>De: LEMD
A: LEBL
Hora: 19:13</description>
            <styleUrl>#2431</styleUrl>
            <LineString id="2429">
                <coordinates>-3.560833333333333,40.47222222222222,0.0 2.0833,41.2974,0.0</coordinates>
            </LineString>
        </Placemark>
        <Placemark id="2434">
            <name>CSTTN (TAP)</name>
            <description>De: LPPT
A: LEBL
Hora: 19:15</description>
            <styleUrl>#2435</styleUrl>
            <LineString id="2433">
                <coordinates>-9.134166666666665,38.774166666666666,0.0 2.0833,41.2974,0.0</coordinates>
            </LineString>
        </Placemark>
        <Placemark id="2438">
            <name>HALYO (WZZ)</name>
            <description>De: LBSF
A: LEBL
Hora: 19:16</description>
            <styleUrl>#2439</styleUrl>
            <LineString id="2437">
                <coordinates>23.40833333333333,42.69499999999999,0.0 2.0833,41.2974,0.0</coordinates>
            </LineString>
        </Placemark>
        <Placemark id="2442">
            <name>ECLZO (VLG)</name>
            <description>De: EKCH
A: LEBL
Hora: 19:17</description>
            <styleUrl>#2443</styleUrl>
            <LineString id="2441">
                <coordinates>12.65611111111111,55.61805555555556,0.0 2.0833,41.2974,0.0</coordinates>
            </LineString>
        </Placemark>
        <Placemark id="2446">
            <name>N900AL (ZZZ)</name>
            <description>De: HTDA
A: LEBL
Hora: 19:20</description>
            <styleUrl>#2447</styleUrl>
            <LineString id="2445">
                <coordinates>39.20333333333333,-6.875555555555556,0.0 2.0833,41.2974,0.0</coordinates>
            </LineString>
        </Placemark>
        <Placemark id="2450">
            <name>DAIRB (DLH)</name>
            <description>De: EDDM
A: LEBL
Hora: 19:22</description>
            <styleUrl>#2451</styleUrl>
            <LineString id="2449">
                <coordinates>11.786111111111111,48.35388888888889,0.0 2.0833,41.2974,0.0</coordinates>
            </LineString>
        </Placemark>
        <Placemark id="2454">
            <name>GEZIZ (EZY)</name>
            <description>De: LIMC
A: LEBL
Hora: 19:24</description>
            <styleUrl>#2455</styleUrl>
            <LineString id="2453">
                <coordinates>8.723055555555556,45.63,0.0 2.0833,41.2974,0.0</coordinates>
            </LineString>
        </Placemark>
        <Placemark id="2458">
            <name>ECMKT (VLG)</name>
            <description>De: EFHK
A: LEBL
Hora: 19:25</description>
            <styleUrl>#2459</styleUrl>
            <LineString id="2457">
                <coordinates>24.96333333333333,60.31722222222223,0.0 2.0833,41.2974,0.0</coordinates>
            </LineString>
        </Placemark>
        <Placemark id="2462">
            <name>EIFIN (RYR)</name>
            <description>De: EGCC
A: LEBL
Hora: 19:27</description>
            <styleUrl>#2463</styleUrl>
            <LineString id="2461">
                <coordinates>-2.275,53.35388888888889,0.0 2.0833,41.2974,0.0</coordinates>
            </LineString>
        </Placemark>
        <Placemark id="2466">
            <name>ECMJZ (ANE)</name>
            <description>De: LELN
A: LEBL
Hora: 19:29</description>
            <styleUrl>#2467</styleUrl>
            <LineString id="2465">
                <coordinates>-5.6561111111111115,42.58861111111111,0.0 2.0833,41.2974,0.0</coordinates>
            </LineString>
        </Placemark>
        <Placemark id="2470">
            <name>ECMBT (VLG)</name>
            <description>De: LEAS
A: LEBL
Hora: 19:30</description>
            <styleUrl>#2471</styleUrl>
            <LineString id="2469">
                <coordinates>-6.034722222222222,43.56361111111111,0.0 2.0833,41.2974,0.0</coordinates>
            </LineString>
        </Placemark>
        <Placemark id="2474">
            <name>ECKHN (VLG)</name>
            <description>De: LFPO
A: LEBL
Hora: 19:32</description>
            <styleUrl>#2475</styleUrl>
            <LineString id="2473">
                <coordinates>2.3794444444444447,48.723333333333336,0.0 2.0833,41.2974,0.0</coordinates>
            </LineString>
        </Placemark>
        <Placemark id="2478">
            <name>EIENG (RYR)</name>
            <description>De: LIPE
A: LEBL
Hora: 19:33</description>
            <styleUrl>#2479</styleUrl>
            <LineString id="2477">
                <coordinates>11.296944444444444,44.530833333333334,0.0 2.0833,41.2974,0.0</coordinates>
            </LineString>
        </Placemark>
        <Placemark id="2482">
            <name>GDBCI (BAW)</name>
            <description>De: EGKK
A: LEBL
Hora: 19:36</description>
            <styleUrl>#2483</styleUrl>
            <LineString id="2481">
                <coordinates>-0.19027777777777777,51.14805555555556,0.0 2.0833,41.2974,0.0</coordinates>
            </LineString>
        </Placemark>
        <Placemark id="2486">
            <name>EIFHS (IBK)</name>
            <description>De: ENGM
A: LEBL
Hora: 19:37</description>
            <styleUrl>#2487</styleUrl>
            <LineString id="2485">
                <coordinates>11.08388888888889,60.20277777777778,0.0 2.0833,41.2974,0.0</coordinates>
            </LineString>
        </Placemark>
        <Placemark id="2490">
            <name>GEZIK (EZY)</name>
            <description>De: EGGD
A: LEBL
Hora: 19:39</description>
            <styleUrl>#2491</styleUrl>
            <LineString id="2489">
                <coordinates>-2.7191666666666667,51.382777777777775,0.0 2.0833,41.2974,0.0</coordinates>
            </LineString>
        </Placemark>
        <Placemark id="2494">
            <name>ECMBS (VLG)</name>
            <description>De: LEZL
A: LEBL
Hora: 19:40</description>
            <styleUrl>#2495</styleUrl>
            <LineString id="2493">
                <coordinates>-5.898888888888888,37.418055555555554,0.0 2.0833,41.2974,0.0</coordinates>
            </LineString>
        </Placemark>
        <Placemark id="2498">
            <name>EIENL (RYR)</name>
            <description>De: LEJR
A: LEBL
Hora: 19:42</description>
            <styleUrl>#2499</styleUrl>
            <LineString id="2497">
                <coordinates>-6.06,36.74472222222222,0.0 2.0833,41.2974,0.0</coordinates>
            </LineString>
        </Placemark>
        <Placemark id="2502">
            <name>ECLXV (AEA)</name>
            <description>De: LEPA
A: LEBL
Hora: 19:43</description>
            <styleUrl>#2503</styleUrl>
            <LineString id="2501">
                <coordinates>2.738888888888889,39.55166666666666,0.0 2.0833,41.2974,0.0</coordinates>
            </LineString>
        </Placemark>
        <Placemark id="2506">
            <name>ECLGV (EXU)</name>
            <description>De: LEMD
A: LEBL
Hora: 19:45</description>
            <styleUrl>#2507</styleUrl>
            <LineString id="2505">
                <coordinates>-3.560833333333333,40.47222222222222,0.0 2.0833,41.2974,0.0</coordinates>
            </LineString>
        </Placemark>
        <Placemark id="2510">
            <name>LYVEO (VLG)</name>
            <description>De: LFPG
A: LEBL
Hora: 19:47</description>
            <styleUrl>#2511</styleUrl>
            <LineString id="2509">
                <coordinates>2.5477777777777777,49.00972222222222,0.0 2.0833,41.2974,0.0</coordinates>
            </LineString>
        </Placemark>
        <Placemark id="2514">
            <name>N327UP (UPS)</name>
            <description>De: LEVC
A: LEBL
Hora: 19:48</description>
            <styleUrl>#2515</styleUrl>
            <LineString id="2513">
                <coordinates>-0.4816666666666667,39.489444444444445,0.0 2.0833,41.2974,0.0</coordinates>
            </LineString>
        </Placemark>
        <Placemark id="2518">
            <name>EIDLC (RYR)</name>
            <description>De: LPPR
A: LEBL
Hora: 19:50</description>
            <styleUrl>#2519</styleUrl>
            <LineString id="2517">
                <coordinates>-8.678055555555554,41.23555555555556,0.0 2.0833,41.2974,0.0</coordinates>
            </LineString>
        </Placemark>
        <Placemark id="2522">
            <name>TFBRO (WOW)</name>
            <description>De: BIKF
A: LEBL
Hora: 19:52</description>
            <styleUrl>#2523</styleUrl>
            <LineString id="2521">
                <coordinates>-22.605555555555558,63.985,0.0 2.0833,41.2974,0.0</coordinates>
            </LineString>
        </Placemark>
        <Placemark id="2526">
            <name>EIDPG (RYR)</name>
            <description>De: LEPA
A: LEBL
Hora: 19:53</description>
            <styleUrl>#2527</styleUrl>
            <LineString id="2525">
                <coordinates>2.738888888888889,39.55166666666666,0.0 2.0833,41.2974,0.0</coordinates>
            </LineString>
        </Placemark>
        <Placemark id="2530">
            <name>ECJFN (IBE)</name>
            <description>De: LEMD
A: LEBL
Hora: 19:55</description>
            <styleUrl>#2531</styleUrl>
            <LineString id="2529">
                <coordinates>-3.560833333333333,40.47222222222222,0.0 2.0833,41.2974,0.0</coordinates>
            </LineString>
        </Placemark>
        <Placemark id="2534">
            <name>ECLQL (VLG)</name>
            <description>De: EGLL
A: LEBL
Hora: 19:56</description>
            <styleUrl>#2535</styleUrl>
            <LineString id="2533">
                <coordinates>-0.4613888888888889,51.4775,0.0 2.0833,41.2974,0.0</coordinates>
            </LineString>
        </Placemark>
        <Placemark id="2538">
            <name>EIDEE (EIN)</name>
            <description>De: EIDW
A: LEBL
Hora: 19:58</description>
            <styleUrl>#2539</styleUrl>
            <LineString id="2537">
                <coordinates>-6.27,53.421388888888885,0.0 2.0833,41.2974,0.0</coordinates>
            </LineString>
        </Placemark>
        <Placemark id="2542">
            <name>ECLVA (VLG)</name>
            <description>De: LIRF
A: LEBL
Hora: 19:59</description>
            <styleUrl>#2543</styleUrl>
            <LineString id="2541">
                <coordinates>12.238888888888889,41.80027777777777,0.0 2.0833,41.2974,0.0</coordinates>
            </LineString>
        </Placemark>
        <Placemark id="2546">
            <name>ECMGF (VLG)</name>
            <description>De: EDDF
A: LEBL
Hora: 20:01</description>
            <styleUrl>#2547</styleUrl>
            <LineString id="2545">
                <coordinates>8.570555555555556,50.03333333333333,0.0 2.0833,41.2974,0.0</coordinates>
            </LineString>
        </Placemark>
        <Placemark id="2550">
            <name>CNNMH (MAC)</name>
            <description>De: GMTT
A: LEBL
Hora: 20:02</description>
            <styleUrl>#2551</styleUrl>
            <LineString id="2549">
                <coordinates>-5.921111111111111,35.73166666666667,0.0 2.0833,41.2974,0.0</coordinates>
            </LineString>
        </Placemark>
        <Placemark id="2554">
            <name>ECMKM (VLG)</name>
            <description>De: LPPR
A: LEBL
Hora: 20:05</description>
            <styleUrl>#2555</styleUrl>
            <LineString id="2553">
                <coordinates>-8.678055555555554,41.23555555555556,0.0 2.0833,41.2974,0.0</coordinates>
            </LineString>
        </Placemark>
        <Placemark id="2558">
            <name>ECLUN (VLG)</name>
            <description>De: LEBB
A: LEBL
Hora: 20:06</description>
            <styleUrl>#2559</styleUrl>
            <LineString id="2557">
                <coordinates>-2.9105555555555553,43.301111111111105,0.0 2.0833,41.2974,0.0</coordinates>
            </LineString>
        </Placemark>
        <Placemark id="2562">
            <name>ERAXP (MLD)</name>
            <description>De: LUKK
A: LEBL
Hora: 20:13</description>
            <styleUrl>#2563</styleUrl>
            <LineString id="2561">
                <coordinates>28.930833333333336,46.92777777777778,0.0 2.0833,41.2974,0.0</coordinates>
            </LineString>
        </Placemark>
        <Placemark id="2566">
            <name>ECMLE (VLG)</name>
            <description>De: LEMH
A: LEBL
Hora: 20:15</description>
            <styleUrl>#2567</styleUrl>
            <LineString id="2565">
                <coordinates>4.2186111111111115,39.862500000000004,0.0 2.0833,41.2974,0.0</coordinates>
            </LineString>
        </Placemark>
        <Placemark id="2570">
            <name>EIFJL (IBK)</name>
            <description>De: EKBI
A: LEBL
Hora: 20:17</description>
            <styleUrl>#2571</styleUrl>
            <LineString id="2569">
                <coordinates>9.151666666666667,55.74027777777778,0.0 2.0833,41.2974,0.0</coordinates>
            </LineString>
        </Placemark>
        <Placemark id="2574">
            <name>ECKMI (VLG)</name>
            <description>De: LEMD
A: LEBL
Hora: 20:19</description>
            <styleUrl>#2575</styleUrl>
            <LineString id="2573">
                <coordinates>-3.560833333333333,40.47222222222222,0.0 2.0833,41.2974,0.0</coordinates>
            </LineString>
        </Placemark>
        <Placemark id="2578">
            <name>GEZUM (EZY)</name>
            <description>De: LFLL
A: LEBL
Hora: 20:25</description>
            <styleUrl>#2579</styleUrl>
            <LineString id="2577">
                <coordinates>5.0811111111111105,45.72555555555556,0.0 2.0833,41.2974,0.0</coordinates>
            </LineString>
        </Placemark>
        <Placemark id="2582">
            <name>HBION (SWR)</name>
            <description>De: LSZH
A: LEBL
Hora: 20:27</description>
            <styleUrl>#2583</styleUrl>
            <LineString id="2581">
                <coordinates>8.548055555555555,47.45805555555556,0.0 2.0833,41.2974,0.0</coordinates>
            </LineString>
        </Placemark>
        <Placemark id="2586">
            <name>ECLZF (VLG)</name>
            <description>De: LEAL
A: LEBL
Hora: 20:29</description>
            <styleUrl>#2587</styleUrl>
            <LineString id="2585">
                <coordinates>-0.5580555555555556,38.282222222222224,0.0 2.0833,41.2974,0.0</coordinates>
            </LineString>
        </Placemark>
        <Placemark id="2590">
            <name>TCICT (TKJ)</name>
            <description>De: LEIB
A: LEBL
Hora: 20:31</description>
            <styleUrl>#2591</styleUrl>
            <LineString id="2589">
                <coordinates>1.3730555555555557,38.87277777777778,0.0 2.0833,41.2974,0.0</coordinates>
            </LineString>
        </Placemark>
        <Placemark id="2594">
            <name>ECLAA (VLG)</name>
            <description>De: LEST
A: LEBL
Hora: 20:32</description>
            <styleUrl>#2595</styleUrl>
            <LineString id="2593">
                <coordinates>-8.415277777777778,42.896388888888886,0.0 2.0833,41.2974,0.0</coordinates>
            </LineString>
        </Placemark>
        <Placemark id="2598">
            <name>EIFJK (IBK)</name>
            <description>De: EGKK
A: LEBL
Hora: 20:34</description>
            <styleUrl>#2599</styleUrl>
            <LineString id="2597">
                <coordinates>-0.19027777777777777,51.14805555555556,0.0 2.0833,41.2974,0.0</coordinates>
            </LineString>
        </Placemark>
        <Placemark id="2602">
            <name>YRBGA (ROT)</name>
            <description>De: LROP
A: LEBL
Hora: 20:37</description>
            <styleUrl>#2603</styleUrl>
            <LineString id="2601">
                <coordinates>26.084999999999997,44.571111111111115,0.0 2.0833,41.2974,0.0</coordinates>
            </LineString>
        </Placemark>
        <Placemark id="2606">
            <name>TCJRF (THY)</name>
            <description>De: LTBA
A: LEBL
Hora: 20:39</description>
            <styleUrl>#2607</styleUrl>
            <LineString id="2605">
                <coordinates>28.81416666666667,40.976111111111116,0.0 2.0833,41.2974,0.0</coordinates>
            </LineString>
        </Placemark>
        <Placemark id="2610">
            <name>DCALL (AHO)</name>
            <description>De: LIEE
A: LEBL
Hora: 20:41</description>
            <styleUrl>#2611</styleUrl>
            <LineString id="2609">
                <coordinates>9.056111111111111,39.24722222222222,0.0 2.0833,41.2974,0.0</coordinates>
            </LineString>
        </Placemark>
        <Placemark id="2614">
            <name>ECLRY (VLG)</name>
            <description>De: EDDM
A: LEBL
Hora: 20:41</description>
            <styleUrl>#2615</styleUrl>
            <LineString id="2613">
                <coordinates>11.786111111111111,48.35388888888889,0.0 2.0833,41.2974,0.0</coordinates>
            </LineString>
        </Placemark>
        <Placemark id="2618">
            <name>ECKCU (VLG)</name>
            <description>De: LIRF
A: LEBL
Hora: 20:43</description>
            <styleUrl>#2619</styleUrl>
            <LineString id="2617">
                <coordinates>12.238888888888889,41.80027777777777,0.0 2.0833,41.2974,0.0</coordinates>
            </LineString>
        </Placemark>
        <Placemark id="2622">
            <name>EIDAM (RYR)</name>
            <description>De: EIDW
A: LEBL
Hora: 20:44</description>
            <styleUrl>#2623</styleUrl>
            <LineString id="2621">
                <coordinates>-6.27,53.421388888888885,0.0 2.0833,41.2974,0.0</coordinates>
            </LineString>
        </Placemark>
        <Placemark id="2626">
            <name>ECMIR (VLG)</name>
            <description>De: LIRQ
A: LEBL
Hora: 20:47</description>
            <styleUrl>#2627</styleUrl>
            <LineString id="2625">
                <coordinates>11.202777777777778,43.808611111111105,0.0 2.0833,41.2974,0.0</coordinates>
            </LineString>
        </Placemark>
        <Placemark id="2630">
            <name>PHBXK (KLM)</name>
            <description>De: EHAM
A: LEBL
Hora: 20:48</description>
            <styleUrl>#2631</styleUrl>
            <LineString id="2629">
                <coordinates>4.764166666666667,52.308055555555555,0.0 2.0833,41.2974,0.0</coordinates>
            </LineString>
        </Placemark>
        <Placemark id="2634">
            <name>EIENO (RYR)</name>
            <description>De: LHBP
A: LEBL
Hora: 20:49</description>
            <styleUrl>#2635</styleUrl>
            <LineString id="2633">
                <coordinates>19.261944444444445,47.43944444444444,0.0 2.0833,41.2974,0.0</coordinates>
            </LineString>
        </Placemark>
        <Placemark id="2638">
            <name>GEUUG (BAW)</name>
            <description>De: EGLL
A: LEBL
Hora: 20:51</description>
            <styleUrl>#2639</styleUrl>
            <LineString id="2637">
                <coordinates>-0.4613888888888889,51.4775,0.0 2.0833,41.2974,0.0</coordinates>
            </LineString>
        </Placemark>
        <Placemark id="2642">
            <name>ECHHA (VLG)</name>
            <description>De: LSZH
A: LEBL
Hora: 20:52</description>
            <styleUrl>#2643</styleUrl>
            <LineString id="2641">
                <coordinates>8.548055555555555,47.45805555555556,0.0 2.0833,41.2974,0.0</coordinates>
            </LineString>
        </Placemark>
        <Placemark id="2646">
            <name>ECMHB (VLG)</name>
            <description>De: EGKK
A: LEBL
Hora: 20:53</description>
            <styleUrl>#2647</styleUrl>
            <LineString id="2645">
                <coordinates>-0.19027777777777777,51.14805555555556,0.0 2.0833,41.2974,0.0</coordinates>
            </LineString>
        </Placemark>
        <Placemark id="2650">
            <name>ECMFL (VLG)</name>
            <description>De: LFPO
A: LEBL
Hora: 20:55</description>
            <styleUrl>#2651</styleUrl>
            <LineString id="2649">
                <coordinates>2.3794444444444447,48.723333333333336,0.0 2.0833,41.2974,0.0</coordinates>
            </LineString>
        </Placemark>
        <Placemark id="2654">
            <name>ECLVP (VLG)</name>
            <description>De: LEMD
A: LEBL
Hora: 20:57</description>
            <styleUrl>#2655</styleUrl>
            <LineString id="2653">
                <coordinates>-3.560833333333333,40.47222222222222,0.0 2.0833,41.2974,0.0</coordinates>
            </LineString>
        </Placemark>
        <Placemark id="2658">
            <name>ECLUT (AEA)</name>
            <description>De: LEMH
A: LEBL
Hora: 21:00</description>
            <styleUrl>#2659</styleUrl>
            <LineString id="2657">
                <coordinates>4.2186111111111115,39.862500000000004,0.0 2.0833,41.2974,0.0</coordinates>
            </LineString>
        </Placemark>
        <Placemark id="2662">
            <name>ECJFF (VLG)</name>
            <description>De: LDDU
A: LEBL
Hora: 21:02</description>
            <styleUrl>#2663</styleUrl>
            <LineString id="2661">
                <coordinates>18.26833333333333,42.561388888888885,0.0 2.0833,41.2974,0.0</coordinates>
            </LineString>
        </Placemark>
        <Placemark id="2666">
            <name>ECLZE (VLG)</name>
            <description>De: LEMG
A: LEBL
Hora: 21:04</description>
            <styleUrl>#2667</styleUrl>
            <LineString id="2665">
                <coordinates>-4.4991666666666665,36.675,0.0 2.0833,41.2974,0.0</coordinates>
            </LineString>
        </Placemark>
        <Placemark id="2670">
            <name>FGKXR (AFR)</name>
            <description>De: LFPG
A: LEBL
Hora: 21:06</description>
            <styleUrl>#2671</styleUrl>
            <LineString id="2669">
                <coordinates>2.5477777777777777,49.00972222222222,0.0 2.0833,41.2974,0.0</coordinates>
            </LineString>
        </Placemark>
        <Placemark id="2674">
            <name>ECLRG (VLG)</name>
            <description>De: LEPA
A: LEBL
Hora: 21:09</description>
            <styleUrl>#2675</styleUrl>
            <LineString id="2673">
                <coordinates>2.738888888888889,39.55166666666666,0.0 2.0833,41.2974,0.0</coordinates>
            </LineString>
        </Placemark>
        <Placemark id="2678">
            <name>DAISG (DLH)</name>
            <description>De: EDDF
A: LEBL
Hora: 21:11</description>
            <styleUrl>#2679</styleUrl>
            <LineString id="2677">
                <coordinates>8.570555555555556,50.03333333333333,0.0 2.0833,41.2974,0.0</coordinates>
            </LineString>
        </Placemark>
        <Placemark id="2682">
            <name>EIEIB (AZA)</name>
            <description>De: LIRF
A: LEBL
Hora: 21:13</description>
            <styleUrl>#2683</styleUrl>
            <LineString id="2681">
                <coordinates>12.238888888888889,41.80027777777777,0.0 2.0833,41.2974,0.0</coordinates>
            </LineString>
        </Placemark>
        <Placemark id="2686">
            <name>EIFJN (IBK)</name>
            <description>De: ENGM
A: LEBL
Hora: 21:15</description>
            <styleUrl>#2687</styleUrl>
            <LineString id="2685">
                <coordinates>11.08388888888889,60.20277777777778,0.0 2.0833,41.2974,0.0</coordinates>
            </LineString>
        </Placemark>
        <Placemark id="2690">
            <name>EIEPG (RYR)</name>
            <description>De: LFOB
A: LEBL
Hora: 21:17</description>
            <styleUrl>#2691</styleUrl>
            <LineString id="2689">
                <coordinates>2.112777777777778,49.45444444444445,0.0 2.0833,41.2974,0.0</coordinates>
            </LineString>
        </Placemark>
        <Placemark id="2694">
            <name>ECMKX (VLG)</name>
            <description>De: EDDL
A: LEBL
Hora: 21:19</description>
            <styleUrl>#2695</styleUrl>
            <LineString id="2693">
                <coordinates>6.7572222222222225,51.280833333333334,0.0 2.0833,41.2974,0.0</coordinates>
            </LineString>
        </Placemark>
        <Placemark id="2698">
            <name>VPBZA (AFL)</name>
            <description>De: UUEE
A: LEBL
Hora: 21:21</description>
            <styleUrl>#2699</styleUrl>
            <LineString id="2697">
                <coordinates>37.41305555555555,55.972500000000004,0.0 2.0833,41.2974,0.0</coordinates>
            </LineString>
        </Placemark>
        <Placemark id="2702">
            <name>EIFJM (IBK)</name>
            <description>De: EKCH
A: LEBL
Hora: 21:23</description>
            <styleUrl>#2703</styleUrl>
            <LineString id="2701">
                <coordinates>12.65611111111111,55.61805555555556,0.0 2.0833,41.2974,0.0</coordinates>
            </LineString>
        </Placemark>
        <Placemark id="2706">
            <name>ECLZN (VLG)</name>
            <description>De: LKPR
A: LEBL
Hora: 21:25</description>
            <styleUrl>#2707</styleUrl>
            <LineString id="2705">
                <coordinates>14.26,50.100833333333334,0.0 2.0833,41.2974,0.0</coordinates>
            </LineString>
        </Placemark>
        <Placemark id="2710">
            <name>ECLQK (VLG)</name>
            <description>De: EIDW
A: LEBL
Hora: 21:27</description>
            <styleUrl>#2711</styleUrl>
            <LineString id="2709">
                <coordinates>-6.27,53.421388888888885,0.0 2.0833,41.2974,0.0</coordinates>
            </LineString>
        </Placemark>
        <Placemark id="2714">
            <name>ECLZS (ORO)</name>
            <description>De: LIEO
A: LEBL
Hora: 21:30</description>
            <styleUrl>#2715</styleUrl>
            <LineString id="2713">
                <coordinates>9.517777777777779,40.89861111111111,0.0 2.0833,41.2974,0.0</coordinates>
            </LineString>
        </Placemark>
        <Placemark id="2718">
            <name>ECHTD (VLG)</name>
            <description>De: LEIB
A: LEBL
Hora: 21:33</description>
            <styleUrl>#2719</styleUrl>
            <LineString id="2717">
                <coordinates>1.3730555555555557,38.87277777777778,0.0 2.0833,41.2974,0.0</coordinates>
            </LineString>
        </Placemark>
        <Placemark id="2722">
            <name>ECLML (VLG)</name>
            <description>De: LEMH
A: LEBL
Hora: 21:36</description>
            <styleUrl>#2723</styleUrl>
            <LineString id="2721">
                <coordinates>4.2186111111111115,39.862500000000004,0.0 2.0833,41.2974,0.0</coordinates>
            </LineString>
        </Placemark>
        <Placemark id="2726">
            <name>ECMGE (VLG)</name>
            <description>De: EGGW
A: LEBL
Hora: 21:39</description>
            <styleUrl>#2727</styleUrl>
            <LineString id="2725">
                <coordinates>-0.3683333333333333,51.874722222222225,0.0 2.0833,41.2974,0.0</coordinates>
            </LineString>
        </Placemark>
        <Placemark id="2730">
            <name>ECMGY (VLG)</name>
            <description>De: LEGR
A: LEBL
Hora: 21:41</description>
            <styleUrl>#2731</styleUrl>
            <LineString id="2729">
                <coordinates>-3.777222222222222,37.18861111111111,0.0 2.0833,41.2974,0.0</coordinates>
            </LineString>
        </Placemark>
        <Placemark id="2734">
            <name>EIDHX (RYR)</name>
            <description>De: LIME
A: LEBL
Hora: 21:43</description>
            <styleUrl>#2735</styleUrl>
            <LineString id="2733">
                <coordinates>9.700277777777776,45.66888888888889,0.0 2.0833,41.2974,0.0</coordinates>
            </LineString>
        </Placemark>
        <Placemark id="2738">
            <name>ECLRM (VLG)</name>
            <description>De: LIPE
A: LEBL
Hora: 21:45</description>
            <styleUrl>#2739</styleUrl>
            <LineString id="2737">
                <coordinates>11.296944444444444,44.530833333333334,0.0 2.0833,41.2974,0.0</coordinates>
            </LineString>
        </Placemark>
        <Placemark id="2742">
            <name>ECHFK (SWT)</name>
            <description>De: LEPA
A: LEBL
Hora: 21:51</description>
            <styleUrl>#2743</styleUrl>
            <LineString id="2741">
                <coordinates>2.738888888888889,39.55166666666666,0.0 2.0833,41.2974,0.0</coordinates>
            </LineString>
        </Placemark>
        <Placemark id="2746">
            <name>EIDAE (RYR)</name>
            <description>De: LEIB
A: LEBL
Hora: 21:55</description>
            <styleUrl>#2747</styleUrl>
            <LineString id="2745">
                <coordinates>1.3730555555555557,38.87277777777778,0.0 2.0833,41.2974,0.0</coordinates>
            </LineString>
        </Placemark>
        <Placemark id="2750">
            <name>CSTTS (TAP)</name>
            <description>De: LPPT
A: LEBL
Hora: 21:57</description>
            <styleUrl>#2751</styleUrl>
            <LineString id="2749">
                <coordinates>-9.134166666666665,38.774166666666666,0.0 2.0833,41.2974,0.0</coordinates>
            </LineString>
        </Placemark>
        <Placemark id="2754">
            <name>EIFIY (RYR)</name>
            <description>De: LIPH
A: LEBL
Hora: 21:58</description>
            <styleUrl>#2755</styleUrl>
            <LineString id="2753">
                <coordinates>12.197777777777778,45.65083333333333,0.0 2.0833,41.2974,0.0</coordinates>
            </LineString>
        </Placemark>
        <Placemark id="2758">
            <name>EIDCJ (RYR)</name>
            <description>De: EDDB
A: LEBL
Hora: 22:00</description>
            <styleUrl>#2759</styleUrl>
            <LineString id="2757">
                <coordinates>13.500555555555556,52.36222222222222,0.0 2.0833,41.2974,0.0</coordinates>
            </LineString>
        </Placemark>
        <Placemark id="2762">
            <name>ECLVO (VLG)</name>
            <description>De: LECO
A: LEBL
Hora: 22:02</description>
            <styleUrl>#2763</styleUrl>
            <LineString id="2761">
                <coordinates>-8.377222222222223,43.301944444444445,0.0 2.0833,41.2974,0.0</coordinates>
            </LineString>
        </Placemark>
        <Placemark id="2766">
            <name>ECLVB (VLG)</name>
            <description>De: LPPT
A: LEBL
Hora: 22:04</description>
            <styleUrl>#2767</styleUrl>
            <LineString id="2765">
                <coordinates>-9.134166666666665,38.774166666666666,0.0 2.0833,41.2974,0.0</coordinates>
            </LineString>
        </Placemark>
        <Placemark id="2770">
            <name>SXABE (VLG)</name>
            <description>De: EBBR
A: LEBL
Hora: 22:06</description>
            <styleUrl>#2771</styleUrl>
            <LineString id="2769">
                <coordinates>4.484444444444445,50.90138888888889,0.0 2.0833,41.2974,0.0</coordinates>
            </LineString>
        </Placemark>
        <Placemark id="2774">
            <name>ECMEQ (VLG)</name>
            <description>De: LFPO
A: LEBL
Hora: 22:08</description>
            <styleUrl>#2775</styleUrl>
            <LineString id="2773">
                <coordinates>2.3794444444444447,48.723333333333336,0.0 2.0833,41.2974,0.0</coordinates>
            </LineString>
        </Placemark>
        <Placemark id="2778">
            <name>EIDWK (RYR)</name>
            <description>De: LIRF
A: LEBL
Hora: 22:09</description>
            <styleUrl>#2779</styleUrl>
            <LineString id="2777">
                <coordinates>12.238888888888889,41.80027777777777,0.0 2.0833,41.2974,0.0</coordinates>
            </LineString>
        </Placemark>
        <Placemark id="2782">
            <name>ECMJR (VLG)</name>
            <description>De: LIMC
A: LEBL
Hora: 22:11</description>
            <styleUrl>#2783</styleUrl>
            <LineString id="2781">
                <coordinates>8.723055555555556,45.63,0.0 2.0833,41.2974,0.0</coordinates>
            </LineString>
        </Placemark>
        <Placemark id="2786">
            <name>ECMFK (VLG)</name>
            <description>De: LEMH
A: LEBL
Hora: 22:13</description>
            <styleUrl>#2787</styleUrl>
            <LineString id="2785">
                <coordinates>4.2186111111111115,39.862500000000004,0.0 2.0833,41.2974,0.0</coordinates>
            </LineString>
        </Placemark>
        <Placemark id="2790">
            <name>ECMLM (VLG)</name>
            <description>De: LEVX
A: LEBL
Hora: 22:15</description>
            <styleUrl>#2791</styleUrl>
            <LineString id="2789">
                <coordinates>-8.627500000000001,42.22916666666667,0.0 2.0833,41.2974,0.0</coordinates>
            </LineString>
        </Placemark>
        <Placemark id="2794">
            <name>VPBRI (AUL)</name>
            <description>De: UUDD
A: LEBL
Hora: 22:17</description>
            <styleUrl>#2795</styleUrl>
            <LineString id="2793">
                <coordinates>37.906388888888884,55.40861111111111,0.0 2.0833,41.2974,0.0</coordinates>
            </LineString>
        </Placemark>
        <Placemark id="2798">
            <name>ECMEA (VLG)</name>
            <description>De: LEZL
A: LEBL
Hora: 22:19</description>
            <styleUrl>#2799</styleUrl>
            <LineString id="2797">
                <coordinates>-5.898888888888888,37.418055555555554,0.0 2.0833,41.2974,0.0</coordinates>
            </LineString>
        </Placemark>
        <Placemark id="2802">
            <name>ECJTR (VLG)</name>
            <description>De: LEPA
A: LEBL
Hora: 22:21</description>
            <styleUrl>#2803</styleUrl>
            <LineString id="2801">
                <coordinates>2.738888888888889,39.55166666666666,0.0 2.0833,41.2974,0.0</coordinates>
            </LineString>
        </Placemark>
        <Placemark id="2806">
            <name>GEZTA (EZY)</name>
            <description>De: LFPG
A: LEBL
Hora: 22:22</description>
            <styleUrl>#2807</styleUrl>
            <LineString id="2805">
                <coordinates>2.5477777777777777,49.00972222222222,0.0 2.0833,41.2974,0.0</coordinates>
            </LineString>
        </Placemark>
        <Placemark id="2810">
            <name>ECLSA (VLG)</name>
            <description>De: LPPR
A: LEBL
Hora: 22:24</description>
            <styleUrl>#2811</styleUrl>
            <LineString id="2809">
                <coordinates>-8.678055555555554,41.23555555555556,0.0 2.0833,41.2974,0.0</coordinates>
            </LineString>
        </Placemark>
        <Placemark id="2814">
            <name>ECMGZ (VLG)</name>
            <description>De: EHAM
A: LEBL
Hora: 22:25</description>
            <styleUrl>#2815</styleUrl>
            <LineString id="2813">
                <coordinates>4.764166666666667,52.308055555555555,0.0 2.0833,41.2974,0.0</coordinates>
            </LineString>
        </Placemark>
        <Placemark id="2818">
            <name>SXDVV (AEE)</name>
            <description>De: LGAV
A: LEBL
Hora: 22:26</description>
            <styleUrl>#2819</styleUrl>
            <LineString id="2817">
                <coordinates>23.944444444444446,37.93666666666666,0.0 2.0833,41.2974,0.0</coordinates>
            </LineString>
        </Placemark>
        <Placemark id="2822">
            <name>ECMKV (VLG)</name>
            <description>De: LIRP
A: LEBL
Hora: 22:28</description>
            <styleUrl>#2823</styleUrl>
            <LineString id="2821">
                <coordinates>10.395555555555555,43.68277777777777,0.0 2.0833,41.2974,0.0</coordinates>
            </LineString>
        </Placemark>
        <Placemark id="2826">
            <name>ECJYX (VLG)</name>
            <description>De: LIPX
A: LEBL
Hora: 22:30</description>
            <styleUrl>#2827</styleUrl>
            <LineString id="2825">
                <coordinates>10.887777777777778,45.396388888888886,0.0 2.0833,41.2974,0.0</coordinates>
            </LineString>
        </Placemark>
        <Placemark id="2830">
            <name>EIDHT (RYR)</name>
            <description>De: EGSS
A: LEBL
Hora: 22:31</description>
            <styleUrl>#2831</styleUrl>
            <LineString id="2829">
                <coordinates>0.23500000000000001,51.885,0.0 2.0833,41.2974,0.0</coordinates>
            </LineString>
        </Placemark>
        <Placemark id="2834">
            <name>OYRUP (IBK)</name>
            <description>De: GCLP
A: LEBL
Hora: 22:34</description>
            <styleUrl>#2835</styleUrl>
            <LineString id="2833">
                <coordinates>-15.386666666666667,27.931944444444447,0.0 2.0833,41.2974,0.0</coordinates>
            </LineString>
        </Placemark>
        <Placemark id="2838">
            <name>GEZWZ (EZY)</name>
            <description>De: EGKK
A: LEBL
Hora: 22:37</description>
            <styleUrl>#2839</styleUrl>
            <LineString id="2837">
                <coordinates>-0.19027777777777777,51.14805555555556,0.0 2.0833,41.2974,0.0</coordinates>
            </LineString>
        </Placemark>
        <Placemark id="2842">
            <name>LYVEV (VLG)</name>
            <description>De: LIPZ
A: LEBL
Hora: 22:39</description>
            <styleUrl>#2843</styleUrl>
            <LineString id="2841">
                <coordinates>12.351944444444444,45.50527777777778,0.0 2.0833,41.2974,0.0</coordinates>
            </LineString>
        </Placemark>
        <Placemark id="2846">
            <name>YLPSH (PRW)</name>
            <description>De: BIKF
A: LEBL
Hora: 22:42</description>
            <styleUrl>#2847</styleUrl>
            <LineString id="2845">
                <coordinates>-22.605555555555558,63.985,0.0 2.0833,41.2974,0.0</coordinates>
            </LineString>
        </Placemark>
        <Placemark id="2850">
            <name>EIDHG (RYR)</name>
            <description>De: EDDK
A: LEBL
Hora: 22:43</description>
            <styleUrl>#2851</styleUrl>
            <LineString id="2849">
                <coordinates>7.142777777777778,50.865833333333335,0.0 2.0833,41.2974,0.0</coordinates>
            </LineString>
        </Placemark>
        <Placemark id="2854">
            <name>ECLZZ (VLG)</name>
            <description>De: EGKK
A: LEBL
Hora: 22:47</description>
            <styleUrl>#2855</styleUrl>
            <LineString id="2853">
                <coordinates>-0.19027777777777777,51.14805555555556,0.0 2.0833,41.2974,0.0</coordinates>
            </LineString>
        </Placemark>
        <Placemark id="2858">
            <name>ECMBK (VLG)</name>
            <description>De: LIEE
A: LEBL
Hora: 22:49</description>
            <styleUrl>#2859</styleUrl>
            <LineString id="2857">
                <coordinates>9.056111111111111,39.24722222222222,0.0 2.0833,41.2974,0.0</coordinates>
            </LineString>
        </Placemark>
        <Placemark id="2862">
            <name>GEZDJ (EZY)</name>
            <description>De: EGGW
A: LEBL
Hora: 22:50</description>
            <styleUrl>#2863</styleUrl>
            <LineString id="2861">
                <coordinates>-0.3683333333333333,51.874722222222225,0.0 2.0833,41.2974,0.0</coordinates>
            </LineString>
        </Placemark>
        <Placemark id="2866">
            <name>ECKHN (VLG)</name>
            <description>De: LEMH
A: LEBL
Hora: 22:52</description>
            <styleUrl>#2867</styleUrl>
            <LineString id="2865">
                <coordinates>4.2186111111111115,39.862500000000004,0.0 2.0833,41.2974,0.0</coordinates>
            </LineString>
        </Placemark>
        <Placemark id="2870">
            <name>ECLZO (VLG)</name>
            <description>De: LEIB
A: LEBL
Hora: 22:56</description>
            <styleUrl>#2871</styleUrl>
            <LineString id="2869">
                <coordinates>1.3730555555555557,38.87277777777778,0.0 2.0833,41.2974,0.0</coordinates>
            </LineString>
        </Placemark>
        <Placemark id="2874">
            <name>ECHQI (VLG)</name>
            <description>De: LFMN
A: LEBL
Hora: 23:04</description>
            <styleUrl>#2875</styleUrl>
            <LineString id="2873">
                <coordinates>7.215,43.665277777777774,0.0 2.0833,41.2974,0.0</coordinates>
            </LineString>
        </Placemark>
        <Placemark id="2878">
            <name>ECMLD (VLG)</name>
            <description>De: EGCC
A: LEBL
Hora: 23:09</description>
            <styleUrl>#2879</styleUrl>
            <LineString id="2877">
                <coordinates>-2.275,53.35388888888889,0.0 2.0833,41.2974,0.0</coordinates>
            </LineString>
        </Placemark>
        <Placemark id="2882">
            <name>ECLTG (LAV)</name>
            <description>De: LFBT
A: LEBL
Hora: 23:19</description>
            <styleUrl>#2883</styleUrl>
            <LineString id="2881">
                <coordinates>-0.002777777777777778,43.18555555555555,0.0 2.0833,41.2974,0.0</coordinates>
            </LineString>
        </Placemark>
        <Placemark id="2886">
            <name>ECHQJ (VLG)</name>
            <description>De: LEIB
A: LEBL
Hora: 23:57</description>
            <styleUrl>#2887</styleUrl>
            <LineString id="2885">
                <coordinates>1.3730555555555557,38.87277777777778,0.0 2.0833,41.2974,0.0</coordinates>
            </LineString>
        </Placemark>
    </Document>
</kml>
